{"textures":{"0":"modelengine:entity/crab_hermit"},"elements":[{"from":[10.504095,2.3561783,7.0],"to":[12.504095,5.3561783,7.0],"faces":{"south":{"uv":[10.25,2.0,10.75,2.75],"tintindex":0,"rotation":0,"texture":"#0"},"north":{"uv":[1.5,10.25,2.0,11.0],"tintindex":0,"rotation":0,"texture":"#0"}},"rotation":{"origin":[12.464256,9.759978,8.066246],"angle":-45.0,"axis":"z"}},{"from":[10.504095,2.3561783,9.0],"to":[12.504095,5.3561783,9.0],"faces":{"south":{"uv":[4.25,10.25,4.75,11.0],"tintindex":0,"rotation":0,"texture":"#0"},"north":{"uv":[2.25,10.25,2.75,11.0],"tintindex":0,"rotation":0,"texture":"#0"}},"rotation":{"origin":[12.464256,9.759978,8.066246],"angle":-45.0,"axis":"z"}},{"from":[10.504095,2.3561783,7.0],"to":[10.504095,5.3561783,9.0],"faces":{"east":{"uv":[0.75,10.25,1.25,11.0],"tintindex":0,"rotation":0,"texture":"#0"},"west":{"uv":[10.25,1.0,10.75,1.75],"tintindex":0,"rotation":0,"texture":"#0"}},"rotation":{"origin":[12.464256,9.759978,8.066246],"angle":-45.0,"axis":"z"}}],"display":{"gui":{"rotation":[30,225,0]}}}