{"textures":{"0":"modelengine:entity/crab_hermit"},"elements":[{"from":[10.504095,2.3561783,7.0],"to":[10.504095,5.3561783,9.0],"faces":{"east":{"uv":[0.0,9.25,0.5,10.0],"tintindex":0,"rotation":0,"texture":"#0"},"west":{"uv":[0.75,9.25,1.25,10.0],"tintindex":0,"rotation":0,"texture":"#0"}},"rotation":{"origin":[12.464256,9.759978,7.933754],"angle":-45.0,"axis":"z"}},{"from":[10.504095,2.3561783,7.0],"to":[12.504095,5.3561783,7.0],"faces":{"south":{"uv":[5.0,9.25,5.5,10.0],"tintindex":0,"rotation":0,"texture":"#0"},"north":{"uv":[4.25,9.25,4.75,10.0],"tintindex":0,"rotation":0,"texture":"#0"}},"rotation":{"origin":[12.464256,9.759978,7.933754],"angle":-45.0,"axis":"z"}},{"from":[10.504095,2.3561783,9.0],"to":[12.504095,5.3561783,9.0],"faces":{"south":{"uv":[6.5,9.25,7.0,10.0],"tintindex":0,"rotation":0,"texture":"#0"},"north":{"uv":[5.75,9.25,6.25,10.0],"tintindex":0,"rotation":0,"texture":"#0"}},"rotation":{"origin":[12.464256,9.759978,7.933754],"angle":-45.0,"axis":"z"}}],"display":{"gui":{"rotation":[30,225,0]}}}