{"textures":{"0":"modelengine:entity/crab_hermit"},"elements":[{"from":[10.504095,2.3561783,7.0],"to":[10.504095,5.3561783,9.0],"faces":{"east":{"uv":[7.25,9.75,7.75,10.5],"tintindex":0,"rotation":0,"texture":"#0"},"west":{"uv":[8.0,9.75,8.5,10.5],"tintindex":0,"rotation":0,"texture":"#0"}},"rotation":{"origin":[12.464256,9.759978,8.066246],"angle":-45.0,"axis":"z"}},{"from":[10.504095,2.3561783,7.0],"to":[12.504095,5.3561783,7.0],"faces":{"south":{"uv":[9.5,10.0,10.0,10.75],"tintindex":0,"rotation":0,"texture":"#0"},"north":{"uv":[8.75,10.0,9.25,10.75],"tintindex":0,"rotation":0,"texture":"#0"}},"rotation":{"origin":[12.464256,9.759978,8.066246],"angle":-45.0,"axis":"z"}},{"from":[10.504095,2.3561783,9.0],"to":[12.504095,5.3561783,9.0],"faces":{"south":{"uv":[10.25,0.0,10.75,0.75],"tintindex":0,"rotation":0,"texture":"#0"},"north":{"uv":[0.0,10.25,0.5,11.0],"tintindex":0,"rotation":0,"texture":"#0"}},"rotation":{"origin":[12.464256,9.759978,8.066246],"angle":-45.0,"axis":"z"}}],"display":{"gui":{"rotation":[30,225,0]}}}