{"textures":{"0":"modelengine:entity/crab_hermit"},"elements":[{"from":[5.495905,2.3561783,7.0],"to":[5.495905,5.3561783,9.0],"faces":{"east":{"uv":[9.25,11.0,9.75,11.75],"tintindex":0,"rotation":0,"texture":"#0"},"west":{"uv":[11.0,10.5,11.5,11.25],"tintindex":0,"rotation":0,"texture":"#0"}},"rotation":{"origin":[3.5357442,9.759978,8.066246],"angle":45.0,"axis":"z"}},{"from":[3.495905,2.3561783,9.0],"to":[5.495905,5.3561783,9.0],"faces":{"south":{"uv":[2.25,11.25,2.75,12.0],"tintindex":0,"rotation":0,"texture":"#0"},"north":{"uv":[1.5,11.25,2.0,12.0],"tintindex":0,"rotation":0,"texture":"#0"}},"rotation":{"origin":[3.5357442,9.759978,8.066246],"angle":45.0,"axis":"z"}},{"from":[3.495905,2.3561783,7.0],"to":[5.495905,5.3561783,7.0],"faces":{"south":{"uv":[0.75,11.25,1.25,12.0],"tintindex":0,"rotation":0,"texture":"#0"},"north":{"uv":[0.0,11.25,0.5,12.0],"tintindex":0,"rotation":0,"texture":"#0"}},"rotation":{"origin":[3.5357442,9.759978,8.066246],"angle":45.0,"axis":"z"}}],"display":{"gui":{"rotation":[30,225,0]}}}