{"textures":{"0":"modelengine:entity/crab_hermit"},"elements":[{"from":[3.495905,2.3561783,9.0],"to":[5.495905,5.3561783,9.0],"faces":{"south":{"uv":[10.25,10.5,10.75,11.25],"tintindex":0,"rotation":0,"texture":"#0"},"north":{"uv":[10.5,7.25,11.0,8.0],"tintindex":0,"rotation":0,"texture":"#0"}},"rotation":{"origin":[3.5357442,9.759978,7.933754],"angle":45.0,"axis":"z"}},{"from":[3.495905,2.3561783,7.0],"to":[5.495905,5.3561783,7.0],"faces":{"south":{"uv":[7.75,10.75,8.25,11.5],"tintindex":0,"rotation":0,"texture":"#0"},"north":{"uv":[7.0,10.75,7.5,11.5],"tintindex":0,"rotation":0,"texture":"#0"}},"rotation":{"origin":[3.5357442,9.759978,7.933754],"angle":45.0,"axis":"z"}},{"from":[5.495905,2.3561783,7.0],"to":[5.495905,5.3561783,9.0],"faces":{"east":{"uv":[10.5,5.25,11.0,6.0],"tintindex":0,"rotation":0,"texture":"#0"},"west":{"uv":[10.5,6.25,11.0,7.0],"tintindex":0,"rotation":0,"texture":"#0"}},"rotation":{"origin":[3.5357442,9.759978,7.933754],"angle":45.0,"axis":"z"}}],"display":{"gui":{"rotation":[30,225,0]}}}