{"textures":{"0":"modelengine:entity/lr_owlbear"},"elements":[{"from":[4.264905,-7.90205,-0.5],"to":[11.764905,8.09795,8.0],"faces":{"east":{"uv":[0.0,5.84375,0.53125,6.84375],"tintindex":0,"rotation":0,"texture":"#0"},"south":{"uv":[6.0,6.1875,6.46875,7.1875],"tintindex":0,"rotation":0,"texture":"#0"},"north":{"uv":[5.53125,6.1875,6.0,7.1875],"tintindex":0,"rotation":0,"texture":"#0"},"west":{"uv":[5.84375,5.1875,6.375,6.1875],"tintindex":0,"rotation":0,"texture":"#0"},"up":{"uv":[7.8125,7.1875,7.34375,6.65625],"tintindex":0,"rotation":0,"texture":"#0"},"down":{"uv":[7.90625,7.1875,7.4375,7.71875],"tintindex":0,"rotation":0,"texture":"#0"}}},{"from":[5.317746,-7.90205,7.7904773],"to":[5.317746,12.09795,20.790478],"faces":{"east":{"uv":[2.125,4.3125,2.9375,5.5625],"tintindex":0,"rotation":0,"texture":"#0"},"west":{"uv":[4.25,4.4375,5.0625,5.6875],"tintindex":0,"rotation":0,"texture":"#0"}},"rotation":{"origin":[5.317746,0.09794998,10.540478],"angle":22.5,"axis":"y"}},{"from":[2.9259748,-14.6358185,-0.5],"to":[2.9259748,-7.6358204,8.0],"faces":{"east":{"uv":[1.96875,7.46875,2.5,7.90625],"tintindex":0,"rotation":0,"texture":"#0"},"west":{"uv":[7.46875,4.34375,8.0,4.78125],"tintindex":0,"rotation":0,"texture":"#0"}},"rotation":{"origin":[2.9259748,-11.13582,3.75],"angle":-22.5,"axis":"z"}},{"from":[7.317746,-7.90205,7.7904773],"to":[7.317746,8.09795,13.290478],"faces":{"east":{"uv":[3.875,6.03125,4.21875,7.03125],"tintindex":0,"rotation":0,"texture":"#0"},"west":{"uv":[0.0,6.84375,0.34375,7.84375],"tintindex":0,"rotation":0,"texture":"#0"}},"rotation":{"origin":[7.317746,0.09794998,10.540478],"angle":22.5,"axis":"y"}}],"display":{"gui":{"rotation":[30,225,0]}}}