{"textures":{"0":"modelengine:entity/lr_owlbear"},"elements":[{"from":[0.5000005,-8.0,1.0],"to":[0.5000005,-2.5,13.5],"faces":{"east":{"uv":[7.28125,0.5625,8.0625,0.90625],"tintindex":0,"rotation":0,"texture":"#0"},"west":{"uv":[7.28125,0.90625,8.0625,1.25],"tintindex":0,"rotation":0,"texture":"#0"}}},{"from":[0.5000005,-2.5,10.0],"to":[0.5000005,12.5,17.0],"faces":{"east":{"uv":[6.375,0.78125,6.8125,1.71875],"tintindex":0,"rotation":0,"texture":"#0"},"west":{"uv":[6.375,5.15625,6.8125,6.09375],"tintindex":0,"rotation":0,"texture":"#0"}},"rotation":{"origin":[0.5000005,5.0,10.0],"angle":-22.5,"axis":"y"}},{"from":[0.5000005,-2.5,1.0],"to":[9.5,12.5,13.5],"faces":{"east":{"uv":[0.0,4.90625,0.78125,5.84375],"tintindex":0,"rotation":0,"texture":"#0"},"south":{"uv":[2.8125,6.03125,3.375,6.96875],"tintindex":0,"rotation":0,"texture":"#0"},"north":{"uv":[6.03125,1.75,6.59375,2.6875],"tintindex":0,"rotation":0,"texture":"#0"},"west":{"uv":[5.0625,5.1875,5.84375,6.125],"tintindex":0,"rotation":0,"texture":"#0"},"up":{"uv":[6.90625,5.15625,6.34375,4.375],"tintindex":0,"rotation":0,"texture":"#0"},"down":{"uv":[6.9375,0.0,6.375,0.78125],"tintindex":0,"rotation":0,"texture":"#0"}}}],"display":{"gui":{"rotation":[30,225,0]}}}