{"textures":{"0":"modelengine:entity/lr_owlbear"},"elements":[{"from":[2.47019,-5.3041,-0.5],"to":[11.47019,7.6959,16.5],"faces":{"east":{"uv":[8.0625,2.0625,7.53125,2.46875],"tintindex":0,"rotation":0,"texture":"#0"},"south":{"uv":[7.125,8.03125,6.84375,8.4375],"tintindex":0,"rotation":0,"texture":"#0"},"north":{"uv":[5.3125,8.03125,5.03125,8.4375],"tintindex":0,"rotation":0,"texture":"#0"},"west":{"uv":[8.0625,1.65625,7.53125,2.0625],"tintindex":0,"rotation":0,"texture":"#0"},"up":{"uv":[0.71875,8.1875,1.0,7.65625],"tintindex":0,"rotation":0,"texture":"#0"},"down":{"uv":[7.4375,7.71875,7.71875,8.25],"tintindex":0,"rotation":0,"texture":"#0"}}},{"from":[13.000002,-13.000002,-0.5],"to":[13.000002,-5.000002,16.5],"faces":{"east":{"uv":[7.375,7.78125,6.84375,8.03125],"tintindex":0,"rotation":0,"texture":"#0"},"west":{"uv":[8.28125,5.15625,7.75,5.40625],"tintindex":0,"rotation":0,"texture":"#0"}},"rotation":{"origin":[13.000002,-9.000002,8.0],"angle":22.5,"axis":"z"}}],"display":{"gui":{"rotation":[30,225,0]}}}