{"textures":{"0":"modelengine:entity/lr_owlbear"},"elements":[{"from":[8.682254,-7.90205,7.7904773],"to":[8.682254,8.09795,13.290478],"faces":{"east":{"uv":[0.34375,6.84375,0.0,7.84375],"tintindex":0,"rotation":0,"texture":"#0"},"west":{"uv":[4.21875,6.03125,3.875,7.03125],"tintindex":0,"rotation":0,"texture":"#0"}},"rotation":{"origin":[8.682254,0.09794998,10.540478],"angle":-22.5,"axis":"y"}},{"from":[4.235095,-7.90205,-0.5],"to":[11.735095,8.09795,8.0],"faces":{"east":{"uv":[6.375,5.1875,5.84375,6.1875],"tintindex":0,"rotation":0,"texture":"#0"},"south":{"uv":[6.46875,6.1875,6.0,7.1875],"tintindex":0,"rotation":0,"texture":"#0"},"north":{"uv":[6.0,6.1875,5.53125,7.1875],"tintindex":0,"rotation":0,"texture":"#0"},"west":{"uv":[0.53125,5.84375,0.0,6.84375],"tintindex":0,"rotation":0,"texture":"#0"},"up":{"uv":[7.34375,7.1875,7.8125,6.65625],"tintindex":0,"rotation":0,"texture":"#0"},"down":{"uv":[7.4375,7.1875,7.90625,7.71875],"tintindex":0,"rotation":0,"texture":"#0"}}},{"from":[10.682254,-7.90205,7.7904773],"to":[10.682254,12.09795,20.790478],"faces":{"east":{"uv":[5.0625,4.4375,4.25,5.6875],"tintindex":0,"rotation":0,"texture":"#0"},"west":{"uv":[2.9375,4.3125,2.125,5.5625],"tintindex":0,"rotation":0,"texture":"#0"}},"rotation":{"origin":[10.682254,0.09794998,10.540478],"angle":-22.5,"axis":"y"}},{"from":[13.074025,-14.6358185,-0.5],"to":[13.074025,-7.6358204,8.0],"faces":{"east":{"uv":[8.0,4.34375,7.46875,4.78125],"tintindex":0,"rotation":0,"texture":"#0"},"west":{"uv":[2.5,7.46875,1.96875,7.90625],"tintindex":0,"rotation":0,"texture":"#0"}},"rotation":{"origin":[13.074025,-11.13582,3.75],"angle":22.5,"axis":"z"}}],"display":{"gui":{"rotation":[30,225,0]}}}