{"textures":{"0":"modelengine:entity/hv_rat_reaper"},"elements":[{"from":[7.625,3.3540516,3.8153276],"to":[8.375,6.1040516,5.415328],"faces":{"east":{"uv":[14.6,0.0,14.2,0.6],"tintindex":0,"rotation":0,"texture":"#0"},"south":{"uv":[8.8,14.400001,8.6,15.0],"tintindex":0,"rotation":0,"texture":"#0"},"north":{"uv":[8.6,14.400001,8.400001,15.0],"tintindex":0,"rotation":0,"texture":"#0"},"west":{"uv":[14.400001,13.2,14.0,13.8],"tintindex":0,"rotation":0,"texture":"#0"},"up":{"uv":[14.400001,14.8,14.6,14.400001],"tintindex":0,"rotation":0,"texture":"#0"},"down":{"uv":[14.6,0.0,14.8,0.4],"tintindex":0,"rotation":0,"texture":"#0"}}},{"from":[7.65,0.90407276,5.7653284],"to":[8.35,3.9040728,7.2653284],"faces":{"east":{"uv":[13.2,14.0,12.8,14.6],"tintindex":0,"rotation":0,"texture":"#0"},"south":{"uv":[6.6,14.400001,6.4,15.0],"tintindex":0,"rotation":0,"texture":"#0"},"north":{"uv":[6.4,14.400001,6.2000003,15.0],"tintindex":0,"rotation":0,"texture":"#0"},"west":{"uv":[12.8,14.0,12.400001,14.6],"tintindex":0,"rotation":0,"texture":"#0"},"up":{"uv":[14.400001,14.400001,14.6,14.0],"tintindex":0,"rotation":0,"texture":"#0"},"down":{"uv":[14.2,14.400001,14.400001,14.8],"tintindex":0,"rotation":0,"texture":"#0"}},"rotation":{"origin":[8.15,-1.0959272,6.2653284],"angle":-22.5,"axis":"x"}},{"from":[7.6,5.3540516,5.5153284],"to":[8.4,8.354052,7.2653284],"faces":{"east":{"uv":[12.400001,14.0,12.0,14.6],"tintindex":0,"rotation":0,"texture":"#0"},"south":{"uv":[6.2000003,14.400001,6.0,15.0],"tintindex":0,"rotation":0,"texture":"#0"},"north":{"uv":[6.0,14.400001,5.8,15.0],"tintindex":0,"rotation":0,"texture":"#0"},"west":{"uv":[12.0,14.0,11.6,14.6],"tintindex":0,"rotation":0,"texture":"#0"},"up":{"uv":[13.8,14.8,14.0,14.400001],"tintindex":0,"rotation":0,"texture":"#0"},"down":{"uv":[14.0,14.400001,14.2,14.8],"tintindex":0,"rotation":0,"texture":"#0"}},"rotation":{"origin":[8.1,10.354052,6.2653284],"angle":22.5,"axis":"x"}},{"from":[7.55,8.7032385,7.066162],"to":[8.45,10.703238,11.066162],"faces":{"east":{"uv":[2.4,14.0,1.6,14.400001],"tintindex":0,"rotation":0,"texture":"#0"},"south":{"uv":[14.8,2.2,14.6,2.6000001],"tintindex":0,"rotation":0,"texture":"#0"},"north":{"uv":[14.8,1.8000001,14.6,2.2],"tintindex":0,"rotation":0,"texture":"#0"},"west":{"uv":[14.6,8.400001,13.8,8.8],"tintindex":0,"rotation":0,"texture":"#0"},"up":{"uv":[14.2,4.2000003,14.400001,3.4],"tintindex":0,"rotation":0,"texture":"#0"},"down":{"uv":[6.8,14.2,7.0,15.0],"tintindex":0,"rotation":0,"texture":"#0"}},"rotation":{"origin":[7.95,9.703238,6.066162],"angle":-22.5,"axis":"x"}},{"from":[7.575,5.803238,5.816162],"to":[8.425,7.553238,8.816162],"faces":{"east":{"uv":[14.8,1.4,14.2,1.8000001],"tintindex":0,"rotation":0,"texture":"#0"},"south":{"uv":[14.8,3.0,14.6,3.4],"tintindex":0,"rotation":0,"texture":"#0"},"north":{"uv":[14.8,2.6000001,14.6,3.0],"tintindex":0,"rotation":0,"texture":"#0"},"west":{"uv":[14.8,1.0,14.2,1.4],"tintindex":0,"rotation":0,"texture":"#0"},"up":{"uv":[9.6,15.0,9.8,14.400001],"tintindex":0,"rotation":0,"texture":"#0"},"down":{"uv":[9.8,14.400001,10.0,15.0],"tintindex":0,"rotation":0,"texture":"#0"}},"rotation":{"origin":[8.075,6.803238,3.816162],"angle":-45.0,"axis":"x"}},{"from":[7.525,10.553238,10.316162],"to":[8.475,12.803238,13.316162],"faces":{"east":{"uv":[14.8,0.6,14.2,1.0],"tintindex":0,"rotation":0,"texture":"#0"},"south":{"uv":[2.8,14.6,2.6000001,15.0],"tintindex":0,"rotation":0,"texture":"#0"},"north":{"uv":[2.6000001,14.6,2.4,15.0],"tintindex":0,"rotation":0,"texture":"#0"},"west":{"uv":[14.6,11.6,14.0,12.0],"tintindex":0,"rotation":0,"texture":"#0"},"up":{"uv":[8.8,15.0,9.0,14.400001],"tintindex":0,"rotation":0,"texture":"#0"},"down":{"uv":[9.0,14.400001,9.2,15.0],"tintindex":0,"rotation":0,"texture":"#0"}}},{"from":[7.675,-0.34592724,8.765327],"to":[8.325,2.6540728,9.765327],"faces":{"east":{"uv":[8.400001,14.400001,8.2,15.0],"tintindex":0,"rotation":0,"texture":"#0"},"south":{"uv":[14.6,7.6,14.400001,8.2],"tintindex":0,"rotation":0,"texture":"#0"},"north":{"uv":[6.8,14.400001,6.6,15.0],"tintindex":0,"rotation":0,"texture":"#0"},"west":{"uv":[14.6,7.0,14.400001,7.6],"tintindex":0,"rotation":0,"texture":"#0"},"up":{"uv":[9.2,12.6,9.400001,12.400001],"tintindex":0,"rotation":0,"texture":"#0"},"down":{"uv":[9.400001,12.400001,9.6,12.6],"tintindex":0,"rotation":0,"texture":"#0"}},"rotation":{"origin":[8.175,-2.3459272,8.765327],"angle":-45.0,"axis":"x"}},{"from":[7.5,11.003239,13.016163],"to":[8.5,13.503239,17.016163],"faces":{"east":{"uv":[2.4,13.400001,1.6,14.0],"tintindex":0,"rotation":0,"texture":"#0"},"south":{"uv":[9.6,14.400001,9.400001,15.0],"tintindex":0,"rotation":0,"texture":"#0"},"north":{"uv":[9.400001,14.400001,9.2,15.0],"tintindex":0,"rotation":0,"texture":"#0"},"west":{"uv":[14.0,13.2,13.2,13.8],"tintindex":0,"rotation":0,"texture":"#0"},"up":{"uv":[7.0,15.0,7.2000003,14.2],"tintindex":0,"rotation":0,"texture":"#0"},"down":{"uv":[11.2,14.2,11.400001,15.0],"tintindex":0,"rotation":0,"texture":"#0"}},"rotation":{"origin":[8.0,12.003239,12.016163],"angle":22.5,"axis":"x"}}],"display":{"gui":{"rotation":[30,225,0]}}}