{"textures":{"0":"modelengine:entity/hv_rat_reaper"},"elements":[{"from":[8.0,2.6844969,-0.19699669],"to":[10.3,4.9844966,6.7030034],"faces":{"east":{"uv":[13.0,4.8,14.400001,5.2000003],"tintindex":0,"rotation":0,"texture":"#0"},"south":{"uv":[0.8,14.400001,1.2,14.8],"tintindex":0,"rotation":0,"texture":"#0"},"north":{"uv":[0.4,14.400001,0.8,14.8],"tintindex":0,"rotation":0,"texture":"#0"},"west":{"uv":[13.0,5.2000003,14.400001,5.6],"tintindex":0,"rotation":0,"texture":"#0"},"up":{"uv":[1.6,14.400001,1.2,13.0],"tintindex":0,"rotation":0,"texture":"#0"},"down":{"uv":[4.4,13.0,4.0,14.400001],"tintindex":0,"rotation":0,"texture":"#0"}},"rotation":{"origin":[9.15,3.8344965,3.2530036],"angle":-22.5,"axis":"y"}},{"from":[5.7,2.6844969,-0.19699669],"to":[8.0,4.9844966,6.7030034],"faces":{"east":{"uv":[13.0,10.8,14.400001,11.2],"tintindex":0,"rotation":0,"texture":"#0"},"south":{"uv":[2.8,14.400001,3.2,14.8],"tintindex":0,"rotation":0,"texture":"#0"},"north":{"uv":[2.0,14.400001,2.4,14.8],"tintindex":0,"rotation":0,"texture":"#0"},"west":{"uv":[13.0,11.2,14.400001,11.6],"tintindex":0,"rotation":0,"texture":"#0"},"up":{"uv":[13.6,4.0,13.2,2.6000001],"tintindex":0,"rotation":0,"texture":"#0"},"down":{"uv":[5.2000003,13.2,4.8,14.6],"tintindex":0,"rotation":0,"texture":"#0"}},"rotation":{"origin":[6.85,3.8344965,3.2530036],"angle":22.5,"axis":"y"}},{"from":[6.85,2.9719968,-1.3469973],"to":[9.15,5.2719965,5.5530033],"faces":{"east":{"uv":[9.0,13.0,10.400001,13.400001],"tintindex":0,"rotation":0,"texture":"#0"},"south":{"uv":[1.6,14.400001,2.0,14.8],"tintindex":0,"rotation":0,"texture":"#0"},"north":{"uv":[1.2,14.400001,1.6,14.8],"tintindex":0,"rotation":0,"texture":"#0"},"west":{"uv":[13.0,10.400001,14.400001,10.8],"tintindex":0,"rotation":0,"texture":"#0"},"up":{"uv":[4.8,14.400001,4.4,13.0],"tintindex":0,"rotation":0,"texture":"#0"},"down":{"uv":[13.6,0.4,13.2,1.8000001],"tintindex":0,"rotation":0,"texture":"#0"}}}],"display":{"gui":{"rotation":[30,225,0]}}}