{"textures":{"0":"modelengine:entity/hv_rat_reaper"},"elements":[{"from":[6.275,-0.9363861,6.0230527],"to":[9.725,9.413614,9.473053],"faces":{"east":{"uv":[7.0,10.400001,7.6,12.400001],"tintindex":0,"rotation":0,"texture":"#0"},"south":{"uv":[8.400001,10.400001,9.0,12.400001],"tintindex":0,"rotation":0,"texture":"#0"},"north":{"uv":[6.4,10.400001,7.0,12.400001],"tintindex":0,"rotation":0,"texture":"#0"},"west":{"uv":[9.0,10.400001,9.6,12.400001],"tintindex":0,"rotation":0,"texture":"#0"},"up":{"uv":[8.8,14.400001,8.2,13.8],"tintindex":0,"rotation":0,"texture":"#0"},"down":{"uv":[10.8,13.8,10.2,14.400001],"tintindex":0,"rotation":0,"texture":"#0"}}}],"display":{"gui":{"rotation":[30,225,0]}}}