{"textures":{"0":"modelengine:entity/rrpg_void_edge_katanta"},"elements":[{"from":[6.0416,8.4488,6.0416],"to":[9.9584,9.1016,9.9584],"faces":{"east":{"uv":[10.444445,10.444445,12.0,10.666667],"tintindex":0,"rotation":0,"texture":"#0"},"south":{"uv":[8.888889,10.666667,10.444445,10.888889],"tintindex":0,"rotation":0,"texture":"#0"},"north":{"uv":[8.888889,10.444445,10.444445,10.666667],"tintindex":0,"rotation":0,"texture":"#0"},"west":{"uv":[10.444445,10.666667,12.0,10.888889],"tintindex":0,"rotation":0,"texture":"#0"},"up":{"uv":[1.5555556,12.0,0.0,10.444445],"tintindex":0,"rotation":0,"texture":"#0"},"down":{"uv":[3.1111112,10.444445,1.5555556,12.0],"tintindex":0,"rotation":0,"texture":"#0"}}},{"from":[9.9584,9.1016,9.9584],"to":[6.0416,8.4488,6.0416],"faces":{"east":{"uv":[10.444445,10.888889,12.0,11.111112],"tintindex":0,"rotation":0,"texture":"#0"},"south":{"uv":[8.888889,11.111112,10.444445,11.333333],"tintindex":0,"rotation":0,"texture":"#0"},"north":{"uv":[8.888889,10.888889,10.444445,11.111112],"tintindex":0,"rotation":0,"texture":"#0"},"west":{"uv":[10.444445,11.111112,12.0,11.333333],"tintindex":0,"rotation":0,"texture":"#0"},"up":{"uv":[4.6666665,12.0,3.1111112,10.444445],"tintindex":0,"rotation":0,"texture":"#0"},"down":{"uv":[6.2222223,10.444445,4.6666665,12.0],"tintindex":0,"rotation":0,"texture":"#0"}}},{"from":[7.3472,3.8384,7.3472],"to":[8.6528,9.0608,8.6528],"faces":{"east":{"uv":[6.888889,10.444445,7.4444447,12.555555],"tintindex":0,"rotation":0,"texture":"#0"},"south":{"uv":[7.555556,10.444445,8.111112,12.555555],"tintindex":0,"rotation":0,"texture":"#0"},"north":{"uv":[6.2222223,10.444445,6.7777777,12.555555],"tintindex":0,"rotation":0,"texture":"#0"},"west":{"uv":[8.222222,10.444445,8.777778,12.555555],"tintindex":0,"rotation":0,"texture":"#0"},"up":{"uv":[9.444445,11.888889,8.888889,11.333333],"tintindex":0,"rotation":0,"texture":"#0"},"down":{"uv":[10.111112,11.333333,9.555555,11.888889],"tintindex":0,"rotation":0,"texture":"#0"}},"rotation":{"origin":[8.0,6.4496,8.0],"angle":45.0,"axis":"y"}}],"display":{"gui":{"rotation":[30,225,0]}}}