{"textures":{"0":"modelengine:entity/void_edge_dimension_cleave_vfx"},"elements":[{"from":[8.0,8.0,-1.75],"to":[8.0,26.75,23.0],"faces":{"east":{"uv":[10.421053,7.894737,0.0,15.789474],"tintindex":0,"rotation":0,"texture":"#0"},"west":{"uv":[0.0,7.894737,10.421053,15.789474],"tintindex":0,"rotation":0,"texture":"#0"}}},{"from":[6.0,8.0,-2.25],"to":[10.0,8.0,12.75],"faces":{"up":{"uv":[9.578947,6.3157897,7.894737,0.0],"tintindex":0,"rotation":0,"texture":"#0"},"down":{"uv":[9.578947,6.3157897,7.894737,12.631579],"tintindex":0,"rotation":0,"texture":"#0"}}}],"display":{"gui":{"rotation":[30,225,0]}}}