{"textures":{"0":"modelengine:entity/void_edge_dimension_benediction_1"},"elements":[{"from":[10.922839,15.0,10.612085],"to":[21.92284,26.0,10.612085],"faces":{"south":{"uv":[4.888889,0.0,0.0,4.888889],"tintindex":0,"rotation":0,"texture":"#0"},"north":{"uv":[0.0,0.0,4.888889,4.888889],"tintindex":0,"rotation":0,"texture":"#0"}},"rotation":{"origin":[9.422839,15.0,10.112085],"angle":22.5,"axis":"y"}},{"from":[-5.922839,15.0,10.612085],"to":[5.077161,26.0,10.612085],"faces":{"south":{"uv":[9.777778,0.0,4.888889,4.888889],"tintindex":0,"rotation":0,"texture":"#0"},"north":{"uv":[4.888889,0.0,9.777778,4.888889],"tintindex":0,"rotation":0,"texture":"#0"}},"rotation":{"origin":[6.577161,15.0,10.112085],"angle":-22.5,"axis":"y"}},{"from":[5.0,15.0,10.0],"to":[11.0,26.0,10.0],"faces":{"south":{"uv":[0.0,9.777778,2.6666667,14.666667],"tintindex":0,"rotation":0,"texture":"#0"},"north":{"uv":[0.0,9.777778,2.6666667,14.666667],"tintindex":0,"rotation":0,"texture":"#0"}}}],"display":{"gui":{"rotation":[30,225,0]}}}