{"textures":{"1":"modelengine:entity/hv_rat_king"},"elements":[{"from":[7.043886,3.5241866,6.957417],"to":[8.859887,9.028187,9.211417],"faces":{"east":{"uv":[3.7222223,11.888889,3.8333333,12.222222],"tintindex":0,"rotation":0,"texture":"#1"},"south":{"uv":[3.8333333,11.888889,3.9444444,12.222222],"tintindex":0,"rotation":0,"texture":"#1"},"north":{"uv":[3.6111112,11.888889,3.7222223,12.222222],"tintindex":0,"rotation":0,"texture":"#1"},"west":{"uv":[9.333333,11.888889,9.444445,12.222222],"tintindex":0,"rotation":0,"texture":"#1"},"up":{"uv":[12.111112,8.111112,12.0,8.0],"tintindex":0,"rotation":0,"texture":"#1"},"down":{"uv":[12.111112,8.111112,12.0,8.222222],"tintindex":0,"rotation":0,"texture":"#1"}}}],"display":{"gui":{"rotation":[30,225,0]}}}