{"textures":{"1":"modelengine:entity/hv_rat_king"},"elements":[{"from":[7.908,1.7480001,6.673],"to":[7.908,4.502,9.827],"faces":{"east":{"uv":[10.666667,11.944445,10.833333,12.111112],"tintindex":0,"rotation":0,"texture":"#1"},"west":{"uv":[10.833333,11.944445,11.0,12.111112],"tintindex":0,"rotation":0,"texture":"#1"}}},{"from":[7.341999,3.9980001,7.173],"to":[8.658,8.502,8.827],"faces":{"east":{"uv":[7.3333335,11.944445,7.4444447,12.222222],"tintindex":0,"rotation":0,"texture":"#1"},"south":{"uv":[1.6111112,12.0,1.6666666,12.277778],"tintindex":0,"rotation":0,"texture":"#1"},"north":{"uv":[10.055555,11.944445,10.111112,12.222222],"tintindex":0,"rotation":0,"texture":"#1"},"west":{"uv":[7.4444447,11.944445,7.555556,12.222222],"tintindex":0,"rotation":0,"texture":"#1"},"up":{"uv":[9.333333,12.111112,9.277778,12.0],"tintindex":0,"rotation":0,"texture":"#1"},"down":{"uv":[9.722222,12.0,9.666667,12.111112],"tintindex":0,"rotation":0,"texture":"#1"}}}],"display":{"gui":{"rotation":[30,225,0]}}}