{"textures":{"1":"modelengine:entity/hv_rat_king"},"elements":[{"from":[2.184,1.8719978,7.312],"to":[10.44,8.751999,8.688],"faces":{"east":{"uv":[7.8333335,9.833333,7.888889,10.222222],"tintindex":0,"rotation":0,"texture":"#1"},"south":{"uv":[11.111112,0.0,11.555555,0.3888889],"tintindex":0,"rotation":0,"texture":"#1"},"north":{"uv":[9.666667,11.055555,10.111112,11.444445],"tintindex":0,"rotation":0,"texture":"#1"},"west":{"uv":[3.6111112,10.666667,3.6666667,11.055555],"tintindex":0,"rotation":0,"texture":"#1"},"up":{"uv":[12.388889,8.555555,11.944445,8.5],"tintindex":0,"rotation":0,"texture":"#1"},"down":{"uv":[12.388889,8.555555,11.944445,8.611112],"tintindex":0,"rotation":0,"texture":"#1"}}}],"display":{"gui":{"rotation":[30,225,0]}}}