{"textures":{"1":"modelengine:entity/hv_rat_king"},"elements":[{"from":[1.7759995,7.5,8.324001],"to":[14.224,8.25,21.676],"faces":{"east":{"uv":[11.888889,7.7777777,12.611112,7.8333335],"tintindex":0,"rotation":0,"texture":"#1"},"south":{"uv":[11.944445,0.44444445,12.611112,0.5],"tintindex":0,"rotation":0,"texture":"#1"},"north":{"uv":[11.944445,0.3888889,12.611112,0.44444445],"tintindex":0,"rotation":0,"texture":"#1"},"west":{"uv":[11.888889,11.5,12.611112,11.555555],"tintindex":0,"rotation":0,"texture":"#1"},"up":{"uv":[9.888889,10.277778,9.222222,9.555555],"tintindex":0,"rotation":0,"texture":"#1"},"down":{"uv":[10.444445,2.5555556,9.777778,3.277778],"tintindex":0,"rotation":0,"texture":"#1"}}}],"display":{"gui":{"rotation":[30,225,0]}}}