{"textures":{"1":"modelengine:entity/hv_rat_king"},"elements":[{"from":[8.233999,3.4350586,4.693939],"to":[9.643999,6.5310593,5.8219395],"faces":{"east":{"uv":[11.0,7.5,11.055555,7.6666665],"tintindex":0,"rotation":0,"texture":"#1"},"south":{"uv":[11.055555,1.3333334,11.111112,1.5],"tintindex":0,"rotation":0,"texture":"#1"},"north":{"uv":[10.444445,5.055556,10.5,5.2222223],"tintindex":0,"rotation":0,"texture":"#1"},"west":{"uv":[10.222222,11.055555,10.277778,11.222222],"tintindex":0,"rotation":0,"texture":"#1"},"up":{"uv":[10.611112,8.055555,10.555555,8.0],"tintindex":0,"rotation":0,"texture":"#1"},"down":{"uv":[10.666667,8.611112,10.611112,8.666667],"tintindex":0,"rotation":0,"texture":"#1"}}},{"from":[6.6304927,3.4350586,4.693939],"to":[8.040493,6.5310593,5.8219395],"faces":{"east":{"uv":[8.666667,12.0,8.722222,12.166667],"tintindex":0,"rotation":0,"texture":"#1"},"south":{"uv":[8.722222,12.0,8.777778,12.166667],"tintindex":0,"rotation":0,"texture":"#1"},"north":{"uv":[9.888889,11.777778,9.944445,11.944445],"tintindex":0,"rotation":0,"texture":"#1"},"west":{"uv":[8.777778,12.0,8.833333,12.166667],"tintindex":0,"rotation":0,"texture":"#1"},"up":{"uv":[10.944445,4.5,10.888889,4.4444447],"tintindex":0,"rotation":0,"texture":"#1"},"down":{"uv":[11.0,4.4444447,10.944445,4.5],"tintindex":0,"rotation":0,"texture":"#1"}}},{"from":[8.421499,0.8100586,5.331439],"to":[9.268999,4.0935593,6.4594393],"faces":{"east":{"uv":[6.7222223,11.5,6.7777777,11.666667],"tintindex":0,"rotation":0,"texture":"#1"},"south":{"uv":[11.666667,4.111111,11.722222,4.2777777],"tintindex":0,"rotation":0,"texture":"#1"},"north":{"uv":[4.7777777,11.5,4.8333335,11.666667],"tintindex":0,"rotation":0,"texture":"#1"},"west":{"uv":[3.6111112,11.722222,3.6666667,11.888889],"tintindex":0,"rotation":0,"texture":"#1"},"up":{"uv":[10.722222,8.666667,10.666667,8.611112],"tintindex":0,"rotation":0,"texture":"#1"},"down":{"uv":[9.888889,10.777778,9.833333,10.833333],"tintindex":0,"rotation":0,"texture":"#1"}},"rotation":{"origin":[8.563999,2.358059,5.895439],"angle":-22.5,"axis":"x"}},{"from":[4.56,5.936001,4.248],"to":[11.440001,10.064003,10.752],"faces":{"east":{"uv":[11.5,6.3333335,11.888889,6.555556],"tintindex":0,"rotation":0,"texture":"#1"},"south":{"uv":[11.5,7.388889,11.888889,7.611111],"tintindex":0,"rotation":0,"texture":"#1"},"north":{"uv":[11.444445,2.5555556,11.833333,2.777778],"tintindex":0,"rotation":0,"texture":"#1"},"west":{"uv":[11.5,7.611111,11.888889,7.8333335],"tintindex":0,"rotation":0,"texture":"#1"},"up":{"uv":[11.5,1.5555556,11.111112,1.1666666],"tintindex":0,"rotation":0,"texture":"#1"},"down":{"uv":[11.5,3.3888888,11.111112,3.777778],"tintindex":0,"rotation":0,"texture":"#1"}}},{"from":[7.0054927,0.8100586,5.331439],"to":[7.8529925,4.0935593,6.4594393],"faces":{"east":{"uv":[8.888889,12.0,8.944445,12.166667],"tintindex":0,"rotation":0,"texture":"#1"},"south":{"uv":[8.944445,12.0,9.0,12.166667],"tintindex":0,"rotation":0,"texture":"#1"},"north":{"uv":[8.833333,12.0,8.888889,12.166667],"tintindex":0,"rotation":0,"texture":"#1"},"west":{"uv":[9.0,12.0,9.055555,12.166667],"tintindex":0,"rotation":0,"texture":"#1"},"up":{"uv":[11.055555,7.7222223,11.0,7.6666665],"tintindex":0,"rotation":0,"texture":"#1"},"down":{"uv":[11.111112,1.5,11.055555,1.5555556],"tintindex":0,"rotation":0,"texture":"#1"}},"rotation":{"origin":[7.7104926,2.358059,5.895439],"angle":-22.5,"axis":"x"}}],"display":{"gui":{"rotation":[30,225,0]}}}