{"textures":{"1":"modelengine:entity/hv_rat_king"},"elements":[{"from":[5.6264,-4.546467,5.5297203],"to":[10.3736,9.695133,10.27692],"faces":{"east":{"uv":[1.1111112,10.833333,1.388889,11.611112],"tintindex":0,"rotation":0,"texture":"#1"},"south":{"uv":[1.388889,10.833333,1.6666666,11.611112],"tintindex":0,"rotation":0,"texture":"#1"},"north":{"uv":[0.8333333,10.833333,1.1111112,11.611112],"tintindex":0,"rotation":0,"texture":"#1"},"west":{"uv":[1.6666666,10.833333,1.9444444,11.611112],"tintindex":0,"rotation":0,"texture":"#1"},"up":{"uv":[11.944445,9.055555,11.666667,8.777778],"tintindex":0,"rotation":0,"texture":"#1"},"down":{"uv":[11.944445,9.055555,11.666667,9.333333],"tintindex":0,"rotation":0,"texture":"#1"}}}],"display":{"gui":{"rotation":[30,225,0]}}}