{"textures":{"1":"modelengine:entity/hv_rat_king"},"elements":[{"from":[7.140114,3.5241866,6.9574175],"to":[8.956114,9.028187,9.211417],"faces":{"east":{"uv":[10.444445,2.8888888,10.555555,3.2222223],"tintindex":0,"rotation":0,"texture":"#1"},"south":{"uv":[10.444445,9.777778,10.555555,10.111112],"tintindex":0,"rotation":0,"texture":"#1"},"north":{"uv":[6.0,10.055555,6.111111,10.388889],"tintindex":0,"rotation":0,"texture":"#1"},"west":{"uv":[5.4444447,11.777778,5.555556,12.111112],"tintindex":0,"rotation":0,"texture":"#1"},"up":{"uv":[12.111112,1.4444444,12.0,1.3333334],"tintindex":0,"rotation":0,"texture":"#1"},"down":{"uv":[12.111112,4.555556,12.0,4.6666665],"tintindex":0,"rotation":0,"texture":"#1"}}}],"display":{"gui":{"rotation":[30,225,0]}}}