{"textures":{"1":"modelengine:entity/hv_rat_king"},"elements":[{"from":[5.936,-1.632,5.248],"to":[10.064,10.752001,10.752],"faces":{"east":{"uv":[10.722222,9.055555,11.055555,9.722222],"tintindex":0,"rotation":0,"texture":"#1"},"south":{"uv":[7.3333335,11.166667,7.555556,11.833333],"tintindex":0,"rotation":0,"texture":"#1"},"north":{"uv":[4.8333335,11.055555,5.055556,11.722222],"tintindex":0,"rotation":0,"texture":"#1"},"west":{"uv":[10.777778,0.0,11.111112,0.6666667],"tintindex":0,"rotation":0,"texture":"#1"},"up":{"uv":[11.944445,0.6666667,11.722222,0.33333334],"tintindex":0,"rotation":0,"texture":"#1"},"down":{"uv":[11.944445,3.0555556,11.722222,3.3888888],"tintindex":0,"rotation":0,"texture":"#1"}}}],"display":{"gui":{"rotation":[30,225,0]}}}