{"textures":{"1":"modelengine:entity/hv_rat_king"},"elements":[{"from":[6.827648,-3.0080013,6.8276477],"to":[9.172352,9.1008,9.172352],"faces":{"east":{"uv":[11.166667,11.666667,11.277778,12.333333],"tintindex":0,"rotation":0,"texture":"#1"},"south":{"uv":[11.277778,11.666667,11.388889,12.333333],"tintindex":0,"rotation":0,"texture":"#1"},"north":{"uv":[2.9444444,11.666667,3.0555556,12.333333],"tintindex":0,"rotation":0,"texture":"#1"},"west":{"uv":[3.0555556,11.722222,3.1666667,12.388889],"tintindex":0,"rotation":0,"texture":"#1"},"up":{"uv":[6.111111,10.5,6.0,10.388889],"tintindex":0,"rotation":0,"texture":"#1"},"down":{"uv":[7.4444447,10.5,7.3333335,10.611112],"tintindex":0,"rotation":0,"texture":"#1"}}}],"display":{"gui":{"rotation":[30,225,0]}}}