{"textures":{"0":"modelengine:entity/bear_panda"},"elements":[{"from":[3.8378334,-5.6920805,2.5757327],"to":[12.877833,2.2179198,10.485733],"faces":{"east":{"uv":[9.25,9.25,10.125,10.125],"tintindex":0,"rotation":0,"texture":"#0"},"south":{"uv":[1.125,9.25,2.125,10.125],"tintindex":0,"rotation":0,"texture":"#0"},"north":{"uv":[1.125,9.25,2.125,10.125],"tintindex":0,"rotation":0,"texture":"#0"},"west":{"uv":[9.25,9.25,10.125,10.125],"tintindex":0,"rotation":0,"texture":"#0"},"up":{"uv":[4.375,10.125,3.375,9.25],"tintindex":0,"rotation":0,"texture":"#0"},"down":{"uv":[9.125,9.25,8.125,10.125],"tintindex":0,"rotation":0,"texture":"#0"}},"rotation":{"origin":[18.499584,7.3231916,-9.443199],"angle":-22.5,"axis":"x"}}],"display":{"gui":{"rotation":[30,225,0]}}}