{"textures":{"0":"modelengine:entity/crab_hermit"},"elements":[{"from":[3.495905,2.3561783,9.0],"to":[5.495905,5.3561783,9.0],"faces":{"south":{"uv":[8.5,11.0,9.0,11.75],"tintindex":0,"rotation":0,"texture":"#0"},"north":{"uv":[5.75,11.0,6.25,11.75],"tintindex":0,"rotation":0,"texture":"#0"}},"rotation":{"origin":[3.5357442,9.759978,8.066246],"angle":45.0,"axis":"z"}},{"from":[5.495905,2.3561783,7.0],"to":[5.495905,5.3561783,9.0],"faces":{"east":{"uv":[11.0,0.0,11.5,0.75],"tintindex":0,"rotation":0,"texture":"#0"},"west":{"uv":[11.0,1.0,11.5,1.75],"tintindex":0,"rotation":0,"texture":"#0"}},"rotation":{"origin":[3.5357442,9.759978,8.066246],"angle":45.0,"axis":"z"}},{"from":[3.495905,2.3561783,7.0],"to":[5.495905,5.3561783,7.0],"faces":{"south":{"uv":[5.0,11.0,5.5,11.75],"tintindex":0,"rotation":0,"texture":"#0"},"north":{"uv":[11.0,2.0,11.5,2.75],"tintindex":0,"rotation":0,"texture":"#0"}},"rotation":{"origin":[3.5357442,9.759978,8.066246],"angle":45.0,"axis":"z"}}],"display":{"gui":{"rotation":[30,225,0]}}}