{"textures":{"0":"modelengine:entity/crab_red"},"elements":[{"from":[10.504095,2.3561788,7.0],"to":[10.504095,5.3561788,9.0],"faces":{"east":{"uv":[2.75,6.0,2.25,6.75],"tintindex":0,"rotation":0,"texture":"#0"},"west":{"uv":[2.25,6.0,2.75,6.75],"tintindex":0,"rotation":0,"texture":"#0"}},"rotation":{"origin":[12.464256,9.759979,7.933754],"angle":-45.0,"axis":"z"}},{"from":[10.504095,2.3561788,7.0],"to":[12.504095,5.3561788,7.0],"faces":{"south":{"uv":[3.5,6.0,3.0,6.75],"tintindex":0,"rotation":0,"texture":"#0"},"north":{"uv":[3.0,6.0,3.5,6.75],"tintindex":0,"rotation":0,"texture":"#0"}},"rotation":{"origin":[12.464256,9.759979,7.933754],"angle":-45.0,"axis":"z"}},{"from":[10.504095,2.3561788,9.0],"to":[12.504095,5.3561788,9.0],"faces":{"south":{"uv":[5.25,6.0,5.75,6.75],"tintindex":0,"rotation":0,"texture":"#0"},"north":{"uv":[5.75,6.0,5.25,6.75],"tintindex":0,"rotation":0,"texture":"#0"}},"rotation":{"origin":[12.464256,9.759979,7.933754],"angle":-45.0,"axis":"z"}}],"display":{"gui":{"rotation":[30,225,0]}}}