{"textures":{"1":"modelengine:entity/hv_rat_king"},"elements":[{"from":[5.5865397,4.452914,5.5271573],"to":[10.52654,10.460914,10.843158],"faces":{"east":{"uv":[11.5,5.6666665,11.777778,6.0],"tintindex":0,"rotation":0,"texture":"#1"},"south":{"uv":[5.888889,11.5,6.1666665,11.833333],"tintindex":0,"rotation":0,"texture":"#1"},"north":{"uv":[11.5,5.3333335,11.777778,5.6666665],"tintindex":0,"rotation":0,"texture":"#1"},"west":{"uv":[11.5,6.0,11.777778,6.3333335],"tintindex":0,"rotation":0,"texture":"#1"},"up":{"uv":[11.944445,3.0555556,11.666667,2.777778],"tintindex":0,"rotation":0,"texture":"#1"},"down":{"uv":[7.0,11.666667,6.7222223,11.944445],"tintindex":0,"rotation":0,"texture":"#1"}}},{"from":[6.022,3.2528,6.022],"to":[9.978001,11.956,9.978],"faces":{"east":{"uv":[8.666667,11.277778,8.888889,11.777778],"tintindex":0,"rotation":0,"texture":"#1"},"south":{"uv":[8.888889,11.277778,9.111112,11.777778],"tintindex":0,"rotation":0,"texture":"#1"},"north":{"uv":[6.111111,9.333333,6.3333335,9.833333],"tintindex":0,"rotation":0,"texture":"#1"},"west":{"uv":[9.111112,11.277778,9.333333,11.777778],"tintindex":0,"rotation":0,"texture":"#1"},"up":{"uv":[4.1666665,12.055555,3.9444444,11.833333],"tintindex":0,"rotation":0,"texture":"#1"},"down":{"uv":[4.388889,11.833333,4.1666665,12.055555],"tintindex":0,"rotation":0,"texture":"#1"}}}],"display":{"gui":{"rotation":[30,225,0]}}}