{"textures":{"1":"modelengine:entity/hv_rat_king"},"elements":[{"from":[4.9040003,6.6240005,1.7639999],"to":[11.096,9.375999,7.236],"faces":{"east":{"uv":[11.777778,10.666667,12.055555,10.833333],"tintindex":0,"rotation":0,"texture":"#1"},"south":{"uv":[11.166667,6.4444447,11.5,6.611111],"tintindex":0,"rotation":0,"texture":"#1"},"north":{"uv":[10.555555,4.3333335,10.888889,4.5],"tintindex":0,"rotation":0,"texture":"#1"},"west":{"uv":[6.111111,11.833333,6.388889,12.0],"tintindex":0,"rotation":0,"texture":"#1"},"up":{"uv":[11.722222,3.3888888,11.388889,3.1111112],"tintindex":0,"rotation":0,"texture":"#1"},"down":{"uv":[11.777778,2.277778,11.444445,2.5555556],"tintindex":0,"rotation":0,"texture":"#1"}}}],"display":{"gui":{"rotation":[30,225,0]}}}