{"textures":{"1":"modelengine:entity/hv_rat_king"},"elements":[{"from":[6.0220003,3.2528,6.022],"to":[9.978001,11.956,9.978],"faces":{"east":{"uv":[2.2222223,11.333333,2.4444444,11.833333],"tintindex":0,"rotation":0,"texture":"#1"},"south":{"uv":[2.4444444,11.333333,2.6666667,11.833333],"tintindex":0,"rotation":0,"texture":"#1"},"north":{"uv":[10.222222,11.277778,10.444445,11.777778],"tintindex":0,"rotation":0,"texture":"#1"},"west":{"uv":[10.444445,11.333333,10.666667,11.833333],"tintindex":0,"rotation":0,"texture":"#1"},"up":{"uv":[4.611111,12.055555,4.388889,11.833333],"tintindex":0,"rotation":0,"texture":"#1"},"down":{"uv":[6.111111,11.833333,5.888889,12.055555],"tintindex":0,"rotation":0,"texture":"#1"}}},{"from":[5.5634437,4.202914,4.7771573],"to":[10.503444,10.210914,10.093157],"faces":{"east":{"uv":[6.4444447,11.5,6.7222223,11.833333],"tintindex":0,"rotation":0,"texture":"#1"},"south":{"uv":[7.055556,11.5,7.3333335,11.833333],"tintindex":0,"rotation":0,"texture":"#1"},"north":{"uv":[6.1666665,11.5,6.4444447,11.833333],"tintindex":0,"rotation":0,"texture":"#1"},"west":{"uv":[11.5,7.055556,11.777778,7.388889],"tintindex":0,"rotation":0,"texture":"#1"},"up":{"uv":[11.944445,9.611112,11.666667,9.333333],"tintindex":0,"rotation":0,"texture":"#1"},"down":{"uv":[11.944445,10.111112,11.666667,10.388889],"tintindex":0,"rotation":0,"texture":"#1"}}}],"display":{"gui":{"rotation":[30,225,0]}}}