{"textures":{"1":"modelengine:entity/hv_rat_king"},"elements":[{"from":[-0.22399998,-3.352869,9.372714],"to":[16.223999,12.397133,10.372714],"faces":{"east":{"uv":[1.888889,11.611112,1.9444444,12.5],"tintindex":0,"rotation":0,"texture":"#1"},"south":{"uv":[7.2222223,6.111111,8.111112,7.0],"tintindex":0,"rotation":0,"texture":"#1"},"north":{"uv":[7.2222223,5.2222223,8.111112,6.111111],"tintindex":0,"rotation":0,"texture":"#1"},"west":{"uv":[7.0,11.666667,7.055556,12.555555],"tintindex":0,"rotation":0,"texture":"#1"},"up":{"uv":[12.0,4.0,11.111112,3.9444444],"tintindex":0,"rotation":0,"texture":"#1"},"down":{"uv":[12.388889,6.555556,11.5,6.611111],"tintindex":0,"rotation":0,"texture":"#1"}}},{"from":[0.776,0.6925297,-1.0814266],"to":[15.224,12.388531,10.270574],"faces":{"east":{"uv":[9.888889,5.2777777,10.5,5.9444447],"tintindex":0,"rotation":0,"texture":"#1"},"south":{"uv":[7.111111,9.166667,7.888889,9.833333],"tintindex":0,"rotation":0,"texture":"#1"},"north":{"uv":[6.3333335,9.166667,7.111111,9.833333],"tintindex":0,"rotation":0,"texture":"#1"},"west":{"uv":[9.888889,5.9444447,10.5,6.611111],"tintindex":0,"rotation":0,"texture":"#1"},"up":{"uv":[10.555555,3.8888888,9.777778,3.277778],"tintindex":0,"rotation":0,"texture":"#1"},"down":{"uv":[10.555555,3.8888888,9.777778,4.5],"tintindex":0,"rotation":0,"texture":"#1"}}},{"from":[-2.224,9.692532,7.918574],"to":[18.223999,13.692532,11.918574],"faces":{"east":{"uv":[11.777778,5.555556,12.0,5.7777777],"tintindex":0,"rotation":0,"texture":"#1"},"south":{"uv":[10.611112,8.388889,11.722222,8.611112],"tintindex":0,"rotation":0,"texture":"#1"},"north":{"uv":[10.555555,4.111111,11.666667,4.3333335],"tintindex":0,"rotation":0,"texture":"#1"},"west":{"uv":[11.777778,5.7777777,12.0,6.0],"tintindex":0,"rotation":0,"texture":"#1"},"up":{"uv":[11.833333,6.8333335,10.722222,6.611111],"tintindex":0,"rotation":0,"texture":"#1"},"down":{"uv":[11.833333,6.8333335,10.722222,7.055556],"tintindex":0,"rotation":0,"texture":"#1"}}}],"display":{"gui":{"rotation":[30,225,0]}}}