{"textures":{"1":"modelengine:entity/hv_rat_king"},"elements":[{"from":[6.825,5.625,7.75],"to":[9.174999,7.875,8.25],"faces":{"east":{"uv":[9.833333,9.444445,9.888889,9.555555],"tintindex":0,"rotation":0,"texture":"#1"},"south":{"uv":[10.888889,4.3333335,11.0,4.4444447],"tintindex":0,"rotation":0,"texture":"#1"},"north":{"uv":[7.3333335,10.611112,7.4444447,10.722222],"tintindex":0,"rotation":0,"texture":"#1"},"west":{"uv":[11.444445,4.6666665,11.5,4.7777777],"tintindex":0,"rotation":0,"texture":"#1"},"up":{"uv":[10.555555,3.277778,10.444445,3.2222223],"tintindex":0,"rotation":0,"texture":"#1"},"down":{"uv":[10.555555,8.0,10.444445,8.055555],"tintindex":0,"rotation":0,"texture":"#1"}}}],"display":{"gui":{"rotation":[30,225,0]}}}