{"textures":{"1":"modelengine:entity/hv_rat_king"},"elements":[{"from":[2.1520004,6.391412,3.4157414],"to":[13.848,18.087412,11.327742],"faces":{"east":{"uv":[10.611112,7.7222223,11.055555,8.388889],"tintindex":0,"rotation":0,"texture":"#1"},"south":{"uv":[6.7777777,9.833333,7.4444447,10.5],"tintindex":0,"rotation":0,"texture":"#1"},"north":{"uv":[6.111111,9.833333,6.7777777,10.5],"tintindex":0,"rotation":0,"texture":"#1"},"west":{"uv":[2.2222223,10.666667,2.6666667,11.333333],"tintindex":0,"rotation":0,"texture":"#1"},"up":{"uv":[9.888889,7.3333335,9.222222,6.888889],"tintindex":0,"rotation":0,"texture":"#1"},"down":{"uv":[11.166667,6.1666665,10.5,6.611111],"tintindex":0,"rotation":0,"texture":"#1"}}}],"display":{"gui":{"rotation":[30,225,0]}}}