{"textures":{"1":"modelengine:entity/hv_rat_king"},"elements":[{"from":[4.7993793,1.6875997,-4.024292],"to":[11.920179,8.808399,11.799708],"faces":{"east":{"uv":[3.6666667,10.111112,4.555556,10.5],"tintindex":0,"rotation":0,"texture":"#1"},"south":{"uv":[11.111112,9.888889,11.5,10.277778],"tintindex":0,"rotation":0,"texture":"#1"},"north":{"uv":[11.111112,9.5,11.5,9.888889],"tintindex":0,"rotation":0,"texture":"#1"},"west":{"uv":[4.555556,10.111112,5.4444447,10.5],"tintindex":0,"rotation":0,"texture":"#1"},"up":{"uv":[7.8333335,10.722222,7.4444447,9.833333],"tintindex":0,"rotation":0,"texture":"#1"},"down":{"uv":[10.277778,10.166667,9.888889,11.055555],"tintindex":0,"rotation":0,"texture":"#1"}},"rotation":{"origin":[8.359779,5.247999,3.8877077],"angle":-22.5,"axis":"x"}}],"display":{"gui":{"rotation":[30,225,0]}}}