{"textures":{"1":"modelengine:entity/hv_rat_king"},"elements":[{"from":[7.043886,3.5241866,6.957417],"to":[8.859887,9.028187,9.211417],"faces":{"east":{"uv":[10.555555,11.833333,10.666667,12.166667],"tintindex":0,"rotation":0,"texture":"#1"},"south":{"uv":[1.9444444,11.888889,2.0555556,12.222222],"tintindex":0,"rotation":0,"texture":"#1"},"north":{"uv":[10.444445,11.833333,10.555555,12.166667],"tintindex":0,"rotation":0,"texture":"#1"},"west":{"uv":[2.0555556,11.888889,2.1666667,12.222222],"tintindex":0,"rotation":0,"texture":"#1"},"up":{"uv":[12.111112,6.888889,12.0,6.7777777],"tintindex":0,"rotation":0,"texture":"#1"},"down":{"uv":[7.3333335,12.0,7.2222223,12.111112],"tintindex":0,"rotation":0,"texture":"#1"}}}],"display":{"gui":{"rotation":[30,225,0]}}}