{"textures":{"1":"modelengine:entity/hv_rat_king"},"elements":[{"from":[3.8720007,3.8719997,3.8720002],"to":[12.128,12.128002,12.128],"faces":{"east":{"uv":[11.055555,5.2222223,11.5,5.6666665],"tintindex":0,"rotation":0,"texture":"#1"},"south":{"uv":[11.055555,5.6666665,11.5,6.111111],"tintindex":0,"rotation":0,"texture":"#1"},"north":{"uv":[11.055555,4.7777777,11.5,5.2222223],"tintindex":0,"rotation":0,"texture":"#1"},"west":{"uv":[5.888889,11.055555,6.3333335,11.5],"tintindex":0,"rotation":0,"texture":"#1"},"up":{"uv":[6.7777777,11.5,6.3333335,11.055555],"tintindex":0,"rotation":0,"texture":"#1"},"down":{"uv":[11.5,7.5,11.055555,7.9444447],"tintindex":0,"rotation":0,"texture":"#1"}}}],"display":{"gui":{"rotation":[30,225,0]}}}