{"textures":{"1":"modelengine:entity/hv_rat_king"},"elements":[{"from":[7.043886,3.5241866,6.957417],"to":[8.859887,9.028187,9.211417],"faces":{"east":{"uv":[9.555555,11.888889,9.666667,12.222222],"tintindex":0,"rotation":0,"texture":"#1"},"south":{"uv":[0.5,11.944445,0.6111111,12.277778],"tintindex":0,"rotation":0,"texture":"#1"},"north":{"uv":[9.444445,11.888889,9.555555,12.222222],"tintindex":0,"rotation":0,"texture":"#1"},"west":{"uv":[0.6111111,11.944445,0.7222222,12.277778],"tintindex":0,"rotation":0,"texture":"#1"},"up":{"uv":[12.111112,8.333333,12.0,8.222222],"tintindex":0,"rotation":0,"texture":"#1"},"down":{"uv":[12.111112,8.611112,12.0,8.722222],"tintindex":0,"rotation":0,"texture":"#1"}}}],"display":{"gui":{"rotation":[30,225,0]}}}