{"textures":{"1":"modelengine:entity/hv_rat_king"},"elements":[{"from":[5.936,-1.632,5.248],"to":[10.064,10.752001,10.752001],"faces":{"east":{"uv":[10.777778,0.6666667,11.111112,1.3333334],"tintindex":0,"rotation":0,"texture":"#1"},"south":{"uv":[7.7777777,11.166667,8.0,11.833333],"tintindex":0,"rotation":0,"texture":"#1"},"north":{"uv":[7.555556,11.166667,7.7777777,11.833333],"tintindex":0,"rotation":0,"texture":"#1"},"west":{"uv":[5.2777777,10.777778,5.611111,11.444445],"tintindex":0,"rotation":0,"texture":"#1"},"up":{"uv":[11.944445,4.4444447,11.722222,4.111111],"tintindex":0,"rotation":0,"texture":"#1"},"down":{"uv":[5.0,11.722222,4.7777777,12.055555],"tintindex":0,"rotation":0,"texture":"#1"}}}],"display":{"gui":{"rotation":[30,225,0]}}}