{"textures":{"1":"modelengine:entity/hv_rat_king"},"elements":[{"from":[6.2799997,-1.631999,5.592],"to":[9.72,9.376001,10.408],"faces":{"east":{"uv":[3.1111112,11.111112,3.3888888,11.722222],"tintindex":0,"rotation":0,"texture":"#1"},"south":{"uv":[11.0,11.333333,11.166667,11.944445],"tintindex":0,"rotation":0,"texture":"#1"},"north":{"uv":[10.833333,11.333333,11.0,11.944445],"tintindex":0,"rotation":0,"texture":"#1"},"west":{"uv":[3.3888888,11.111112,3.6666667,11.722222],"tintindex":0,"rotation":0,"texture":"#1"},"up":{"uv":[4.7777777,12.111112,4.611111,11.833333],"tintindex":0,"rotation":0,"texture":"#1"},"down":{"uv":[6.555556,11.833333,6.388889,12.111112],"tintindex":0,"rotation":0,"texture":"#1"}}},{"from":[5.6939917,-0.631999,5.342],"to":[10.633992,5.3760014,10.658],"faces":{"east":{"uv":[4.5,11.5,4.7777777,11.833333],"tintindex":0,"rotation":0,"texture":"#1"},"south":{"uv":[11.5,4.6666665,11.777778,5.0],"tintindex":0,"rotation":0,"texture":"#1"},"north":{"uv":[4.2222223,11.5,4.5,11.833333],"tintindex":0,"rotation":0,"texture":"#1"},"west":{"uv":[11.5,5.0,11.777778,5.3333335],"tintindex":0,"rotation":0,"texture":"#1"},"up":{"uv":[1.888889,11.888889,1.6111112,11.611112],"tintindex":0,"rotation":0,"texture":"#1"},"down":{"uv":[3.9444444,11.611112,3.6666667,11.888889],"tintindex":0,"rotation":0,"texture":"#1"}}}],"display":{"gui":{"rotation":[30,225,0]}}}