{"textures":{"1":"modelengine:entity/hv_rat_king"},"elements":[{"from":[7.908,1.7480001,6.673],"to":[7.908,4.502,9.827],"faces":{"east":{"uv":[9.888889,11.944445,10.055555,12.111112],"tintindex":0,"rotation":0,"texture":"#1"},"west":{"uv":[11.944445,10.111112,12.111112,10.277778],"tintindex":0,"rotation":0,"texture":"#1"}}},{"from":[7.341999,3.9980001,7.173],"to":[8.658,8.502,8.827],"faces":{"east":{"uv":[6.7222223,11.944445,6.8333335,12.222222],"tintindex":0,"rotation":0,"texture":"#1"},"south":{"uv":[8.0,11.944445,8.055555,12.222222],"tintindex":0,"rotation":0,"texture":"#1"},"north":{"uv":[7.9444447,11.944445,8.0,12.222222],"tintindex":0,"rotation":0,"texture":"#1"},"west":{"uv":[6.8333335,11.944445,6.9444447,12.222222],"tintindex":0,"rotation":0,"texture":"#1"},"up":{"uv":[9.222222,12.111112,9.166667,12.0],"tintindex":0,"rotation":0,"texture":"#1"},"down":{"uv":[9.277778,12.0,9.222222,12.111112],"tintindex":0,"rotation":0,"texture":"#1"}}}],"display":{"gui":{"rotation":[30,225,0]}}}