{"textures":{"1":"modelengine:entity/hv_rat_king"},"elements":[{"from":[5.592,3.8719997,6.248],"to":[10.408,9.375999,10.252],"faces":{"east":{"uv":[11.722222,10.833333,11.944445,11.166667],"tintindex":0,"rotation":0,"texture":"#1"},"south":{"uv":[3.9444444,11.5,4.2222223,11.833333],"tintindex":0,"rotation":0,"texture":"#1"},"north":{"uv":[11.5,3.3888888,11.777778,3.7222223],"tintindex":0,"rotation":0,"texture":"#1"},"west":{"uv":[11.722222,11.166667,11.944445,11.5],"tintindex":0,"rotation":0,"texture":"#1"},"up":{"uv":[12.0,4.6666665,11.722222,4.4444447],"tintindex":0,"rotation":0,"texture":"#1"},"down":{"uv":[12.055555,2.277778,11.777778,2.5],"tintindex":0,"rotation":0,"texture":"#1"}}}],"display":{"gui":{"rotation":[30,225,0]}}}