{"textures":{"1":"modelengine:entity/hv_rat_king"},"elements":[{"from":[5.6264005,-4.546467,5.5297203],"to":[10.3736,9.695133,10.27692],"faces":{"east":{"uv":[0.0,10.833333,0.2777778,11.611112],"tintindex":0,"rotation":0,"texture":"#1"},"south":{"uv":[0.2777778,10.833333,0.5555556,11.611112],"tintindex":0,"rotation":0,"texture":"#1"},"north":{"uv":[5.611111,10.777778,5.888889,11.555555],"tintindex":0,"rotation":0,"texture":"#1"},"west":{"uv":[0.5555556,10.833333,0.8333333,11.611112],"tintindex":0,"rotation":0,"texture":"#1"},"up":{"uv":[11.888889,11.777778,11.611112,11.5],"tintindex":0,"rotation":0,"texture":"#1"},"down":{"uv":[2.9444444,11.666667,2.6666667,11.944445],"tintindex":0,"rotation":0,"texture":"#1"}}}],"display":{"gui":{"rotation":[30,225,0]}}}