{"textures":{"1":"modelengine:entity/hv_rat_king"},"elements":[{"from":[0.776,7.5,8.3239975],"to":[15.224,8.0,21.675999],"faces":{"east":{"uv":[11.833333,11.833333,12.555555,11.888889],"tintindex":0,"rotation":0,"texture":"#1"},"south":{"uv":[11.777778,6.2777777,12.555555,6.3333335],"tintindex":0,"rotation":0,"texture":"#1"},"north":{"uv":[11.777778,6.2222223,12.555555,6.2777777],"tintindex":0,"rotation":0,"texture":"#1"},"west":{"uv":[0.5,11.888889,1.2222222,11.944445],"tintindex":0,"rotation":0,"texture":"#1"},"up":{"uv":[9.777778,3.277778,9.0,2.5555556],"tintindex":0,"rotation":0,"texture":"#1"},"down":{"uv":[9.777778,3.277778,9.0,4.0],"tintindex":0,"rotation":0,"texture":"#1"}}}],"display":{"gui":{"rotation":[30,225,0]}}}