{"textures":{"1":"modelengine:entity/hv_rat_king"},"elements":[{"from":[-0.22399998,7.5,8.3239975],"to":[16.223999,7.75,21.675999],"faces":{"east":{"uv":[11.888889,6.3333335,12.611112,6.388889],"tintindex":0,"rotation":0,"texture":"#1"},"south":{"uv":[11.666667,9.722222,12.555555,9.777778],"tintindex":0,"rotation":0,"texture":"#1"},"north":{"uv":[11.5,10.611112,12.388889,10.666667],"tintindex":0,"rotation":0,"texture":"#1"},"west":{"uv":[11.888889,6.388889,12.611112,6.4444447],"tintindex":0,"rotation":0,"texture":"#1"},"up":{"uv":[9.111112,8.111112,8.222222,7.388889],"tintindex":0,"rotation":0,"texture":"#1"},"down":{"uv":[9.111112,8.111112,8.222222,8.833333],"tintindex":0,"rotation":0,"texture":"#1"}}}],"display":{"gui":{"rotation":[30,225,0]}}}