{"textures":{"1":"modelengine:entity/hv_rat_king"},"elements":[{"from":[2.776,7.5,8.324],"to":[13.224,8.5,21.675999],"faces":{"east":{"uv":[11.888889,6.4444447,12.611112,6.5],"tintindex":0,"rotation":0,"texture":"#1"},"south":{"uv":[11.944445,3.1111112,12.5,3.1666667],"tintindex":0,"rotation":0,"texture":"#1"},"north":{"uv":[11.944445,3.0555556,12.5,3.1111112],"tintindex":0,"rotation":0,"texture":"#1"},"west":{"uv":[11.888889,6.5,12.611112,6.555556],"tintindex":0,"rotation":0,"texture":"#1"},"up":{"uv":[10.444445,10.166667,9.888889,9.444445],"tintindex":0,"rotation":0,"texture":"#1"},"down":{"uv":[6.0,10.055555,5.4444447,10.777778],"tintindex":0,"rotation":0,"texture":"#1"}}}],"display":{"gui":{"rotation":[30,225,0]}}}