{"textures":{"1":"modelengine:entity/hv_rat_king"},"elements":[{"from":[2.7759995,7.5,8.324],"to":[13.224,8.5,21.675999],"faces":{"east":{"uv":[11.888889,7.6666665,12.611112,7.7222223],"tintindex":0,"rotation":0,"texture":"#1"},"south":{"uv":[11.944445,3.2222223,12.5,3.277778],"tintindex":0,"rotation":0,"texture":"#1"},"north":{"uv":[11.944445,3.1666667,12.5,3.2222223],"tintindex":0,"rotation":0,"texture":"#1"},"west":{"uv":[11.888889,7.7222223,12.611112,7.7777777],"tintindex":0,"rotation":0,"texture":"#1"},"up":{"uv":[0.5555556,10.833333,0.0,10.111112],"tintindex":0,"rotation":0,"texture":"#1"},"down":{"uv":[1.1111112,10.111112,0.5555556,10.833333],"tintindex":0,"rotation":0,"texture":"#1"}}}],"display":{"gui":{"rotation":[30,225,0]}}}