{"textures":{"1":"modelengine:entity/hv_rat_king"},"elements":[{"from":[2.776,7.5,8.324],"to":[13.224,8.5,21.675999],"faces":{"east":{"uv":[9.888889,8.055555,10.611112,8.111112],"tintindex":0,"rotation":0,"texture":"#1"},"south":{"uv":[11.944445,3.0,12.5,3.0555556],"tintindex":0,"rotation":0,"texture":"#1"},"north":{"uv":[11.944445,2.9444444,12.5,3.0],"tintindex":0,"rotation":0,"texture":"#1"},"west":{"uv":[11.833333,2.7222223,12.555555,2.777778],"tintindex":0,"rotation":0,"texture":"#1"},"up":{"uv":[10.444445,7.3333335,9.888889,6.611111],"tintindex":0,"rotation":0,"texture":"#1"},"down":{"uv":[10.444445,7.3333335,9.888889,8.055555],"tintindex":0,"rotation":0,"texture":"#1"}}}],"display":{"gui":{"rotation":[30,225,0]}}}