{"textures":{"1":"modelengine:entity/hv_rat_king"},"elements":[{"from":[-0.22399998,7.5,8.3239975],"to":[16.223999,7.75,21.675999],"faces":{"east":{"uv":[11.888889,7.555556,12.611112,7.611111],"tintindex":0,"rotation":0,"texture":"#1"},"south":{"uv":[11.722222,0.7222222,12.611112,0.7777778],"tintindex":0,"rotation":0,"texture":"#1"},"north":{"uv":[11.722222,0.6666667,12.611112,0.7222222],"tintindex":0,"rotation":0,"texture":"#1"},"west":{"uv":[11.888889,7.611111,12.611112,7.6666665],"tintindex":0,"rotation":0,"texture":"#1"},"up":{"uv":[7.3333335,9.166667,6.4444447,8.444445],"tintindex":0,"rotation":0,"texture":"#1"},"down":{"uv":[8.222222,8.444445,7.3333335,9.166667],"tintindex":0,"rotation":0,"texture":"#1"}}}],"display":{"gui":{"rotation":[30,225,0]}}}