{"textures":{"1":"modelengine:entity/hv_rat_king"},"elements":[{"from":[-1.224,7.5,8.3239975],"to":[17.223999,7.5,21.675999],"faces":{"up":{"uv":[6.4444447,8.611112,5.4444447,7.888889],"tintindex":0,"rotation":0,"texture":"#1"},"down":{"uv":[9.111112,5.2222223,8.111112,5.9444447],"tintindex":0,"rotation":0,"texture":"#1"}}}],"display":{"gui":{"rotation":[30,225,0]}}}