{"textures":{"1":"modelengine:entity/hv_rat_king"},"elements":[{"from":[1.776,7.5,8.324001],"to":[14.224,8.25,21.676],"faces":{"east":{"uv":[7.3333335,11.888889,8.055555,11.944445],"tintindex":0,"rotation":0,"texture":"#1"},"south":{"uv":[11.944445,0.33333334,12.611112,0.3888889],"tintindex":0,"rotation":0,"texture":"#1"},"north":{"uv":[11.833333,11.888889,12.5,11.944445],"tintindex":0,"rotation":0,"texture":"#1"},"west":{"uv":[11.888889,7.388889,12.611112,7.4444447],"tintindex":0,"rotation":0,"texture":"#1"},"up":{"uv":[8.555555,10.277778,7.888889,9.555555],"tintindex":0,"rotation":0,"texture":"#1"},"down":{"uv":[9.222222,9.555555,8.555555,10.277778],"tintindex":0,"rotation":0,"texture":"#1"}}}],"display":{"gui":{"rotation":[30,225,0]}}}