{"textures":{"1":"modelengine:entity/hv_rat_king"},"elements":[{"from":[0.77599955,7.5,8.3239975],"to":[15.224,8.0,21.675999],"faces":{"east":{"uv":[11.888889,11.555555,12.611112,11.611112],"tintindex":0,"rotation":0,"texture":"#1"},"south":{"uv":[11.833333,2.2222223,12.611112,2.277778],"tintindex":0,"rotation":0,"texture":"#1"},"north":{"uv":[11.833333,2.1666667,12.611112,2.2222223],"tintindex":0,"rotation":0,"texture":"#1"},"west":{"uv":[11.888889,11.611112,12.611112,11.666667],"tintindex":0,"rotation":0,"texture":"#1"},"up":{"uv":[9.888889,6.1666665,9.111112,5.4444447],"tintindex":0,"rotation":0,"texture":"#1"},"down":{"uv":[9.888889,7.388889,9.111112,8.111112],"tintindex":0,"rotation":0,"texture":"#1"}}}],"display":{"gui":{"rotation":[30,225,0]}}}