{"textures":{"1":"modelengine:entity/hv_rat_king"},"elements":[{"from":[-1.2240009,7.5,8.3239975],"to":[17.223999,7.5,21.675999],"faces":{"up":{"uv":[9.111112,6.6666665,8.111112,5.9444447],"tintindex":0,"rotation":0,"texture":"#1"},"down":{"uv":[9.222222,6.6666665,8.222222,7.388889],"tintindex":0,"rotation":0,"texture":"#1"}}}],"display":{"gui":{"rotation":[30,225,0]}}}