{"textures":{"1":"modelengine:entity/hv_rat_king"},"elements":[{"from":[0.776,7.5,8.3239975],"to":[15.224,8.0,21.675999],"faces":{"east":{"uv":[11.888889,7.4444447,12.611112,7.5],"tintindex":0,"rotation":0,"texture":"#1"},"south":{"uv":[11.777778,7.3333335,12.555555,7.388889],"tintindex":0,"rotation":0,"texture":"#1"},"north":{"uv":[11.777778,7.2777777,12.555555,7.3333335],"tintindex":0,"rotation":0,"texture":"#1"},"west":{"uv":[11.888889,7.5,12.611112,7.555556],"tintindex":0,"rotation":0,"texture":"#1"},"up":{"uv":[9.777778,4.7222223,9.0,4.0],"tintindex":0,"rotation":0,"texture":"#1"},"down":{"uv":[9.888889,4.7222223,9.111112,5.4444447],"tintindex":0,"rotation":0,"texture":"#1"}}}],"display":{"gui":{"rotation":[30,225,0]}}}