{"textures":{"1":"modelengine:entity/hv_rat_king"},"elements":[{"from":[1.776,7.5,8.324001],"to":[14.224,8.25,21.676],"faces":{"east":{"uv":[7.3333335,11.833333,8.055555,11.888889],"tintindex":0,"rotation":0,"texture":"#1"},"south":{"uv":[1.2222222,11.888889,1.888889,11.944445],"tintindex":0,"rotation":0,"texture":"#1"},"north":{"uv":[9.222222,7.3333335,9.888889,7.388889],"tintindex":0,"rotation":0,"texture":"#1"},"west":{"uv":[11.833333,11.777778,12.555555,11.833333],"tintindex":0,"rotation":0,"texture":"#1"},"up":{"uv":[9.888889,6.888889,9.222222,6.1666665],"tintindex":0,"rotation":0,"texture":"#1"},"down":{"uv":[6.111111,9.333333,5.4444447,10.055555],"tintindex":0,"rotation":0,"texture":"#1"}}}],"display":{"gui":{"rotation":[30,225,0]}}}