{"textures":{"1":"modelengine:entity/hv_rat_king"},"elements":[{"from":[-0.22400093,7.5,8.3239975],"to":[16.223999,7.75,21.675999],"faces":{"east":{"uv":[11.888889,11.666667,12.611112,11.722222],"tintindex":0,"rotation":0,"texture":"#1"},"south":{"uv":[11.777778,1.4444444,12.666667,1.5],"tintindex":0,"rotation":0,"texture":"#1"},"north":{"uv":[11.722222,0.7777778,12.611112,0.8333333],"tintindex":0,"rotation":0,"texture":"#1"},"west":{"uv":[11.888889,11.722222,12.611112,11.777778],"tintindex":0,"rotation":0,"texture":"#1"},"up":{"uv":[6.3333335,9.333333,5.4444447,8.611112],"tintindex":0,"rotation":0,"texture":"#1"},"down":{"uv":[9.111112,8.833333,8.222222,9.555555],"tintindex":0,"rotation":0,"texture":"#1"}}}],"display":{"gui":{"rotation":[30,225,0]}}}