{"textures":{"1":"modelengine:entity/hv_rat_king"},"elements":[{"from":[4.56,1.8719978,7.312],"to":[12.816,8.751999,8.688],"faces":{"east":{"uv":[7.055556,11.055555,7.111111,11.444445],"tintindex":0,"rotation":0,"texture":"#1"},"south":{"uv":[11.111112,0.7777778,11.555555,1.1666666],"tintindex":0,"rotation":0,"texture":"#1"},"north":{"uv":[11.111112,0.3888889,11.555555,0.7777778],"tintindex":0,"rotation":0,"texture":"#1"},"west":{"uv":[11.388889,11.666667,11.444445,12.055555],"tintindex":0,"rotation":0,"texture":"#1"},"up":{"uv":[12.388889,10.333333,11.944445,10.277778],"tintindex":0,"rotation":0,"texture":"#1"},"down":{"uv":[12.388889,10.333333,11.944445,10.388889],"tintindex":0,"rotation":0,"texture":"#1"}}}],"display":{"gui":{"rotation":[30,225,0]}}}