{"textures":{"1":"modelengine:entity/hv_rat_king"},"elements":[{"from":[5.592,3.8719997,6.248],"to":[10.408001,9.375999,10.252001],"faces":{"east":{"uv":[3.1666667,11.722222,3.3888888,12.055555],"tintindex":0,"rotation":0,"texture":"#1"},"south":{"uv":[11.5,1.1666666,11.777778,1.5],"tintindex":0,"rotation":0,"texture":"#1"},"north":{"uv":[11.444445,11.166667,11.722222,11.5],"tintindex":0,"rotation":0,"texture":"#1"},"west":{"uv":[3.3888888,11.722222,3.6111112,12.055555],"tintindex":0,"rotation":0,"texture":"#1"},"up":{"uv":[11.0,7.7222223,10.722222,7.5],"tintindex":0,"rotation":0,"texture":"#1"},"down":{"uv":[11.055555,1.3333334,10.777778,1.5555556],"tintindex":0,"rotation":0,"texture":"#1"}}}],"display":{"gui":{"rotation":[30,225,0]}}}