{"textures":{"1":"modelengine:entity/hv_rat_king"},"elements":[{"from":[3.8719997,3.8719997,3.8720002],"to":[12.128,12.128002,12.128],"faces":{"east":{"uv":[11.0,2.3333333,11.444445,2.777778],"tintindex":0,"rotation":0,"texture":"#1"},"south":{"uv":[11.0,4.3333335,11.444445,4.7777777],"tintindex":0,"rotation":0,"texture":"#1"},"north":{"uv":[10.555555,10.888889,11.0,11.333333],"tintindex":0,"rotation":0,"texture":"#1"},"west":{"uv":[11.0,10.888889,11.444445,11.333333],"tintindex":0,"rotation":0,"texture":"#1"},"up":{"uv":[4.388889,11.5,3.9444444,11.055555],"tintindex":0,"rotation":0,"texture":"#1"},"down":{"uv":[4.8333335,11.055555,4.388889,11.5],"tintindex":0,"rotation":0,"texture":"#1"}}}],"display":{"gui":{"rotation":[30,225,0]}}}