{"textures":{"1":"modelengine:entity/hv_rat_king"},"elements":[{"from":[7.140113,3.5241866,6.9574175],"to":[8.956114,9.028187,9.211417],"faces":{"east":{"uv":[6.3333335,8.611112,6.4444447,8.944445],"tintindex":0,"rotation":0,"texture":"#1"},"south":{"uv":[9.0,4.7222223,9.111112,5.055556],"tintindex":0,"rotation":0,"texture":"#1"},"north":{"uv":[8.111112,6.6666665,8.222222,7.0],"tintindex":0,"rotation":0,"texture":"#1"},"west":{"uv":[9.111112,6.1666665,9.222222,6.5],"tintindex":0,"rotation":0,"texture":"#1"},"up":{"uv":[11.111112,2.8888888,11.0,2.777778],"tintindex":0,"rotation":0,"texture":"#1"},"down":{"uv":[8.611112,11.166667,8.5,11.277778],"tintindex":0,"rotation":0,"texture":"#1"}}}],"display":{"gui":{"rotation":[30,225,0]}}}