{"textures":{"1":"modelengine:entity/hv_rat_king"},"elements":[{"from":[7.140114,3.5241866,6.9574175],"to":[8.956114,9.028187,9.211417],"faces":{"east":{"uv":[8.166667,11.833333,8.277778,12.166667],"tintindex":0,"rotation":0,"texture":"#1"},"south":{"uv":[8.277778,11.833333,8.388889,12.166667],"tintindex":0,"rotation":0,"texture":"#1"},"north":{"uv":[8.055555,11.833333,8.166667,12.166667],"tintindex":0,"rotation":0,"texture":"#1"},"west":{"uv":[8.388889,11.833333,8.5,12.166667],"tintindex":0,"rotation":0,"texture":"#1"},"up":{"uv":[12.111112,6.2222223,12.0,6.111111],"tintindex":0,"rotation":0,"texture":"#1"},"down":{"uv":[6.388889,12.0,6.2777777,12.111112],"tintindex":0,"rotation":0,"texture":"#1"}}}],"display":{"gui":{"rotation":[30,225,0]}}}