{"textures":{"1":"modelengine:entity/hv_rat_king"},"elements":[{"from":[5.5299997,-0.631999,5.342],"to":[10.47,5.3760004,10.658],"faces":{"east":{"uv":[5.2777777,11.444445,5.555556,11.777778],"tintindex":0,"rotation":0,"texture":"#1"},"south":{"uv":[9.666667,11.444445,9.944445,11.777778],"tintindex":0,"rotation":0,"texture":"#1"},"north":{"uv":[11.444445,4.3333335,11.722222,4.6666665],"tintindex":0,"rotation":0,"texture":"#1"},"west":{"uv":[11.444445,10.833333,11.722222,11.166667],"tintindex":0,"rotation":0,"texture":"#1"},"up":{"uv":[1.3333334,11.888889,1.0555556,11.611112],"tintindex":0,"rotation":0,"texture":"#1"},"down":{"uv":[1.6111112,11.611112,1.3333334,11.888889],"tintindex":0,"rotation":0,"texture":"#1"}}},{"from":[6.2799997,-1.632,5.592],"to":[9.72,9.376001,10.408],"faces":{"east":{"uv":[6.7777777,11.055555,7.055556,11.666667],"tintindex":0,"rotation":0,"texture":"#1"},"south":{"uv":[10.666667,11.333333,10.833333,11.944445],"tintindex":0,"rotation":0,"texture":"#1"},"north":{"uv":[9.333333,11.277778,9.5,11.888889],"tintindex":0,"rotation":0,"texture":"#1"},"west":{"uv":[11.111112,2.777778,11.388889,3.3888888],"tintindex":0,"rotation":0,"texture":"#1"},"up":{"uv":[10.611112,8.0,10.444445,7.7222223],"tintindex":0,"rotation":0,"texture":"#1"},"down":{"uv":[5.4444447,10.5,5.2777777,10.777778],"tintindex":0,"rotation":0,"texture":"#1"}}}],"display":{"gui":{"rotation":[30,225,0]}}}