{"textures":{"1":"modelengine:entity/hv_rat_king"},"elements":[{"from":[4.079821,1.6875997,-4.024292],"to":[11.200621,8.808399,11.799709],"faces":{"east":{"uv":[10.277778,1.5555556,11.166667,1.9444444],"tintindex":0,"rotation":0,"texture":"#1"},"south":{"uv":[11.166667,1.5555556,11.555555,1.9444444],"tintindex":0,"rotation":0,"texture":"#1"},"north":{"uv":[11.111112,10.277778,11.5,10.666667],"tintindex":0,"rotation":0,"texture":"#1"},"west":{"uv":[10.277778,1.9444444,11.166667,2.3333333],"tintindex":0,"rotation":0,"texture":"#1"},"up":{"uv":[8.222222,11.166667,7.8333335,10.277778],"tintindex":0,"rotation":0,"texture":"#1"},"down":{"uv":[8.611112,10.277778,8.222222,11.166667],"tintindex":0,"rotation":0,"texture":"#1"}},"rotation":{"origin":[7.6402206,5.247999,3.8877087],"angle":-22.5,"axis":"x"}}],"display":{"gui":{"rotation":[30,225,0]}}}