{"textures":{"1":"modelengine:entity/hv_rat_king"},"elements":[{"from":[7.3420005,3.9980001,7.1730003],"to":[8.658001,8.502,8.827],"faces":{"east":{"uv":[1.7777778,11.944445,1.888889,12.222222],"tintindex":0,"rotation":0,"texture":"#1"},"south":{"uv":[5.2222223,11.5,5.2777777,11.777778],"tintindex":0,"rotation":0,"texture":"#1"},"north":{"uv":[11.055555,9.5,11.111112,9.777778],"tintindex":0,"rotation":0,"texture":"#1"},"west":{"uv":[2.6666667,11.944445,2.777778,12.222222],"tintindex":0,"rotation":0,"texture":"#1"},"up":{"uv":[11.5,9.055555,11.444445,8.944445],"tintindex":0,"rotation":0,"texture":"#1"},"down":{"uv":[12.0,3.277778,11.944445,3.3888888],"tintindex":0,"rotation":0,"texture":"#1"}}},{"from":[8.092,1.7480001,6.6730003],"to":[8.092,4.502,9.827001],"faces":{"east":{"uv":[11.944445,8.944445,12.111112,9.111112],"tintindex":0,"rotation":0,"texture":"#1"},"west":{"uv":[11.944445,9.111112,12.111112,9.277778],"tintindex":0,"rotation":0,"texture":"#1"}}}],"display":{"gui":{"rotation":[30,225,0]}}}