{"textures":{"1":"modelengine:entity/hv_rat_king"},"elements":[{"from":[7.342,3.9980001,7.1730003],"to":[8.658001,8.502,8.827],"faces":{"east":{"uv":[5.888889,10.777778,6.0,11.055555],"tintindex":0,"rotation":0,"texture":"#1"},"south":{"uv":[11.0,4.7777777,11.055555,5.055556],"tintindex":0,"rotation":0,"texture":"#1"},"north":{"uv":[10.388889,9.166667,10.444445,9.444445],"tintindex":0,"rotation":0,"texture":"#1"},"west":{"uv":[1.6666666,11.944445,1.7777778,12.222222],"tintindex":0,"rotation":0,"texture":"#1"},"up":{"uv":[5.611111,11.555555,5.555556,11.444445],"tintindex":0,"rotation":0,"texture":"#1"},"down":{"uv":[11.5,7.388889,11.444445,7.5],"tintindex":0,"rotation":0,"texture":"#1"}}},{"from":[8.092,1.7480001,6.6730003],"to":[8.092,4.502,9.827001],"faces":{"east":{"uv":[8.5,11.944445,8.666667,12.111112],"tintindex":0,"rotation":0,"texture":"#1"},"west":{"uv":[11.944445,8.777778,12.111112,8.944445],"tintindex":0,"rotation":0,"texture":"#1"}}}],"display":{"gui":{"rotation":[30,225,0]}}}