{"textures":{"1":"modelengine:entity/hv_rat_king"},"elements":[{"from":[8.092,1.7480001,6.6730003],"to":[8.092,4.502,9.827001],"faces":{"east":{"uv":[11.944445,9.277778,12.111112,9.444445],"tintindex":0,"rotation":0,"texture":"#1"},"west":{"uv":[11.944445,9.444445,12.111112,9.611112],"tintindex":0,"rotation":0,"texture":"#1"}}},{"from":[7.342,3.9980001,7.1730003],"to":[8.658,8.502,8.827],"faces":{"east":{"uv":[2.777778,11.944445,2.8888888,12.222222],"tintindex":0,"rotation":0,"texture":"#1"},"south":{"uv":[6.9444447,11.944445,7.0,12.222222],"tintindex":0,"rotation":0,"texture":"#1"},"north":{"uv":[5.0,11.722222,5.055556,12.0],"tintindex":0,"rotation":0,"texture":"#1"},"west":{"uv":[11.944445,4.111111,12.055555,4.388889],"tintindex":0,"rotation":0,"texture":"#1"},"up":{"uv":[9.111112,12.111112,9.055555,12.0],"tintindex":0,"rotation":0,"texture":"#1"},"down":{"uv":[9.166667,12.0,9.111112,12.111112],"tintindex":0,"rotation":0,"texture":"#1"}}}],"display":{"gui":{"rotation":[30,225,0]}}}