{"textures":{"1":"modelengine:entity/hv_rat_king"},"elements":[{"from":[5.655296,-10.785332,5.303033],"to":[10.344704,9.029069,9.992441],"faces":{"east":{"uv":[10.444445,6.611111,10.722222,7.7222223],"tintindex":0,"rotation":0,"texture":"#1"},"south":{"uv":[10.444445,8.666667,10.722222,9.777778],"tintindex":0,"rotation":0,"texture":"#1"},"north":{"uv":[10.277778,10.166667,10.555555,11.277778],"tintindex":0,"rotation":0,"texture":"#1"},"west":{"uv":[3.6666667,10.5,3.9444444,11.611112],"tintindex":0,"rotation":0,"texture":"#1"},"up":{"uv":[0.7777778,11.888889,0.5,11.611112],"tintindex":0,"rotation":0,"texture":"#1"},"down":{"uv":[1.0555556,11.611112,0.7777778,11.888889],"tintindex":0,"rotation":0,"texture":"#1"}}}],"display":{"gui":{"rotation":[30,225,0]}}}