{"textures":{"1":"modelengine:entity/hv_rat_king"},"elements":[{"from":[6.04608,-8.4112,6.0460796],"to":[9.95392,9.2016,9.953919],"faces":{"east":{"uv":[7.111111,10.5,7.3333335,11.5],"tintindex":0,"rotation":0,"texture":"#1"},"south":{"uv":[2.6666667,10.666667,2.8888888,11.666667],"tintindex":0,"rotation":0,"texture":"#1"},"north":{"uv":[5.055556,10.5,5.2777777,11.5],"tintindex":0,"rotation":0,"texture":"#1"},"west":{"uv":[2.8888888,10.666667,3.1111112,11.666667],"tintindex":0,"rotation":0,"texture":"#1"},"up":{"uv":[9.888889,11.055555,9.666667,10.833333],"tintindex":0,"rotation":0,"texture":"#1"},"down":{"uv":[12.0,5.111111,11.777778,5.3333335],"tintindex":0,"rotation":0,"texture":"#1"}}}],"display":{"gui":{"rotation":[30,225,0]}}}