{"textures":{"1":"modelengine:entity/hv_rat_king"},"elements":[{"from":[6.436864,-3.0079994,6.436864],"to":[9.563136,9.1008,9.563136],"faces":{"east":{"uv":[8.166667,11.166667,8.333333,11.833333],"tintindex":0,"rotation":0,"texture":"#1"},"south":{"uv":[8.333333,11.166667,8.5,11.833333],"tintindex":0,"rotation":0,"texture":"#1"},"north":{"uv":[8.0,11.166667,8.166667,11.833333],"tintindex":0,"rotation":0,"texture":"#1"},"west":{"uv":[8.5,11.277778,8.666667,11.944445],"tintindex":0,"rotation":0,"texture":"#1"},"up":{"uv":[7.9444447,12.111112,7.7777777,11.944445],"tintindex":0,"rotation":0,"texture":"#1"},"down":{"uv":[12.111112,8.333333,11.944445,8.5],"tintindex":0,"rotation":0,"texture":"#1"}}}],"display":{"gui":{"rotation":[30,225,0]}}}