{"textures":{"1":"modelengine:entity/hv_rat_king"},"elements":[{"from":[5.904,7.875,3.389],"to":[10.096,8.625,8.111],"faces":{"east":{"uv":[11.111112,10.833333,11.388889,10.888889],"tintindex":0,"rotation":0,"texture":"#1"},"south":{"uv":[11.5,8.333333,11.722222,8.388889],"tintindex":0,"rotation":0,"texture":"#1"},"north":{"uv":[11.5,3.7222223,11.722222,3.777778],"tintindex":0,"rotation":0,"texture":"#1"},"west":{"uv":[11.166667,2.277778,11.444445,2.3333333],"tintindex":0,"rotation":0,"texture":"#1"},"up":{"uv":[11.944445,8.611112,11.722222,8.333333],"tintindex":0,"rotation":0,"texture":"#1"},"down":{"uv":[12.0,1.1666666,11.777778,1.4444444],"tintindex":0,"rotation":0,"texture":"#1"}}}],"display":{"gui":{"rotation":[30,225,0]}}}