{"textures":{"1":"modelengine:entity/hv_rat_king"},"elements":[{"from":[1.4639997,5.900337,3.3301415],"to":[14.536,18.97234,13.306142],"faces":{"east":{"uv":[1.1111112,10.111112,1.6666666,10.833333],"tintindex":0,"rotation":0,"texture":"#1"},"south":{"uv":[9.111112,8.833333,9.833333,9.555555],"tintindex":0,"rotation":0,"texture":"#1"},"north":{"uv":[9.111112,8.111112,9.833333,8.833333],"tintindex":0,"rotation":0,"texture":"#1"},"west":{"uv":[1.6666666,10.111112,2.2222223,10.833333],"tintindex":0,"rotation":0,"texture":"#1"},"up":{"uv":[2.9444444,10.666667,2.2222223,10.111112],"tintindex":0,"rotation":0,"texture":"#1"},"down":{"uv":[3.6666667,10.111112,2.9444444,10.666667],"tintindex":0,"rotation":0,"texture":"#1"}}}],"display":{"gui":{"rotation":[30,225,0]}}}