{"textures":{"1":"modelengine:entity/hv_rat_king"},"elements":[{"from":[-3.75,6.0,8.0],"to":[8.5,28.75,8.0],"faces":{"south":{"uv":[2.7222223,5.055556,5.4444447,10.111112],"tintindex":0,"rotation":0,"texture":"#1"},"north":{"uv":[0.0,5.055556,2.7222223,10.111112],"tintindex":0,"rotation":0,"texture":"#1"}}},{"from":[7.5,8.25,8.0],"to":[19.75,31.0,8.0],"faces":{"south":{"uv":[2.7222223,0.0,5.4444447,5.055556],"tintindex":0,"rotation":0,"texture":"#1"},"north":{"uv":[0.0,0.0,2.7222223,5.055556],"tintindex":0,"rotation":0,"texture":"#1"}}}],"display":{"gui":{"rotation":[30,225,0]}}}