{"textures":{"1":"modelengine:entity/hv_rat_king"},"elements":[{"from":[4.333333,1.166666,-7.5],"to":[4.333333,13.166666,8.5],"faces":{"east":{"uv":[5.4444447,2.5555556,7.2222223,3.8888888],"tintindex":0,"rotation":0,"texture":"#1"},"west":{"uv":[5.4444447,3.8888888,7.2222223,5.2222223],"tintindex":0,"rotation":0,"texture":"#1"}},"rotation":{"origin":[4.333333,7.1666665,0.5],"angle":-22.5,"axis":"z"}},{"from":[7.833333,-0.83333397,-7.5],"to":[7.833333,11.166666,8.5],"faces":{"east":{"uv":[5.4444447,5.2222223,7.2222223,6.555556],"tintindex":0,"rotation":0,"texture":"#1"},"west":{"uv":[5.4444447,6.555556,7.2222223,7.888889],"tintindex":0,"rotation":0,"texture":"#1"}}},{"from":[11.833334,1.166666,-7.5],"to":[11.833334,13.166666,8.5],"faces":{"east":{"uv":[7.2222223,2.5555556,9.0,3.8888888],"tintindex":0,"rotation":0,"texture":"#1"},"west":{"uv":[7.2222223,3.8888888,9.0,5.2222223],"tintindex":0,"rotation":0,"texture":"#1"}},"rotation":{"origin":[11.833334,7.1666665,0.5],"angle":22.5,"axis":"z"}}],"display":{"gui":{"rotation":[30,225,0]}}}