{"textures":{"0":"modelengine:entity/hv_rat_archer"},"elements":[{"from":[7.75,7.697235,6.7870846],"to":[8.25,8.197235,25.337086],"faces":{"east":{"uv":[11.000001,0.5714286,13.714287,0.71428573],"tintindex":0,"rotation":0,"texture":"#0"},"south":{"uv":[6.1428576,8.714286,6.2857146,8.857143],"tintindex":0,"rotation":0,"texture":"#0"},"north":{"uv":[4.857143,8.571429,5.0,8.714286],"tintindex":0,"rotation":0,"texture":"#0"},"west":{"uv":[11.000001,6.714286,13.714287,6.8571434],"tintindex":0,"rotation":0,"texture":"#0"},"up":{"uv":[4.857143,13.714287,4.714286,11.000001],"tintindex":0,"rotation":0,"texture":"#0"},"down":{"uv":[6.4285717,11.000001,6.2857146,13.714287],"tintindex":0,"rotation":0,"texture":"#0"}}}],"display":{"gui":{"rotation":[30,225,0]}}}