{"textures":{"0":"modelengine:entity/hv_rat_archer"},"elements":[{"from":[6.275,-0.9363861,6.0230527],"to":[9.725,9.413614,9.473053],"faces":{"east":{"uv":[7.2857146,10.285715,7.714286,11.714286],"tintindex":0,"rotation":0,"texture":"#0"},"south":{"uv":[7.714286,10.285715,8.142858,11.714286],"tintindex":0,"rotation":0,"texture":"#0"},"north":{"uv":[6.8571434,10.285715,7.2857146,11.714286],"tintindex":0,"rotation":0,"texture":"#0"},"west":{"uv":[8.142858,10.285715,8.571429,11.714286],"tintindex":0,"rotation":0,"texture":"#0"},"up":{"uv":[13.000001,11.571429,12.571429,11.142858],"tintindex":0,"rotation":0,"texture":"#0"},"down":{"uv":[13.000001,11.571429,12.571429,12.000001],"tintindex":0,"rotation":0,"texture":"#0"}}}],"display":{"gui":{"rotation":[30,225,0]}}}