{"textures":{"0":"modelengine:entity/hv_rat_archer"},"elements":[{"from":[6.75,1.0,6.75],"to":[9.25,9.0,9.25],"faces":{"east":{"uv":[10.857143,0.71428573,11.285715,1.8571429],"tintindex":0,"rotation":0,"texture":"#0"},"south":{"uv":[2.0,10.857143,2.4285715,12.000001],"tintindex":0,"rotation":0,"texture":"#0"},"north":{"uv":[0.5714286,10.857143,1.0,12.000001],"tintindex":0,"rotation":0,"texture":"#0"},"west":{"uv":[2.4285715,10.857143,2.857143,12.000001],"tintindex":0,"rotation":0,"texture":"#0"},"up":{"uv":[13.000001,2.4285715,12.571429,2.0],"tintindex":0,"rotation":0,"texture":"#0"},"down":{"uv":[13.000001,2.4285715,12.571429,2.857143],"tintindex":0,"rotation":0,"texture":"#0"}}}],"display":{"gui":{"rotation":[30,225,0]}}}