{"textures":{"0":"modelengine:entity/hv_rat_archer"},"elements":[{"from":[6.469605,10.333332,7.9696045],"to":[9.4696045,13.833332,7.9696045],"faces":{"south":{"uv":[12.142858,11.000001,12.571429,11.571429],"tintindex":0,"rotation":0,"texture":"#0"},"north":{"uv":[7.714286,12.142858,8.142858,12.714286],"tintindex":0,"rotation":0,"texture":"#0"}}},{"from":[8.06079,10.333332,6.56079],"to":[8.06079,13.833332,9.56079],"faces":{"east":{"uv":[11.428572,12.142858,11.857143,12.714286],"tintindex":0,"rotation":0,"texture":"#0"},"west":{"uv":[12.285715,0.0,12.714286,0.5714286],"tintindex":0,"rotation":0,"texture":"#0"}}},{"from":[7.719605,5.833332,7.7196045],"to":[8.2196045,11.833332,8.2196045],"faces":{"east":{"uv":[12.714286,0.71428573,12.857143,1.5714287],"tintindex":0,"rotation":0,"texture":"#0"},"south":{"uv":[3.4285717,12.714286,3.5714288,13.571429],"tintindex":0,"rotation":0,"texture":"#0"},"north":{"uv":[0.2857143,12.714286,0.42857146,13.571429],"tintindex":0,"rotation":0,"texture":"#0"},"west":{"uv":[3.5714288,12.714286,3.7142859,13.571429],"tintindex":0,"rotation":0,"texture":"#0"},"up":{"uv":[1.2857144,10.285715,1.1428572,10.142858],"tintindex":0,"rotation":0,"texture":"#0"},"down":{"uv":[10.285715,1.1428572,10.142858,1.2857144],"tintindex":0,"rotation":0,"texture":"#0"}}}],"display":{"gui":{"rotation":[30,225,0]}}}