{"textures":{"0":"modelengine:entity/hv_rat_archer"},"elements":[{"from":[6.469605,10.333332,7.9696045],"to":[9.4696045,13.833332,7.9696045],"faces":{"south":{"uv":[2.857143,12.285715,3.2857144,12.857143],"tintindex":0,"rotation":0,"texture":"#0"},"north":{"uv":[12.285715,0.71428573,12.714286,1.2857144],"tintindex":0,"rotation":0,"texture":"#0"}}},{"from":[8.06079,10.333332,6.56079],"to":[8.06079,13.833332,9.56079],"faces":{"east":{"uv":[12.285715,3.5714288,12.714286,4.1428576],"tintindex":0,"rotation":0,"texture":"#0"},"west":{"uv":[4.0,12.285715,4.4285717,12.857143],"tintindex":0,"rotation":0,"texture":"#0"}}},{"from":[7.719605,5.833332,7.7196045],"to":[8.2196045,11.833332,8.2196045],"faces":{"east":{"uv":[4.857143,12.714286,5.0,13.571429],"tintindex":0,"rotation":0,"texture":"#0"},"south":{"uv":[5.0,12.714286,5.1428576,13.571429],"tintindex":0,"rotation":0,"texture":"#0"},"north":{"uv":[12.714286,3.5714288,12.857143,4.4285717],"tintindex":0,"rotation":0,"texture":"#0"},"west":{"uv":[5.1428576,12.714286,5.2857146,13.571429],"tintindex":0,"rotation":0,"texture":"#0"},"up":{"uv":[1.4285715,10.285715,1.2857144,10.142858],"tintindex":0,"rotation":0,"texture":"#0"},"down":{"uv":[10.285715,7.8571434,10.142858,8.0],"tintindex":0,"rotation":0,"texture":"#0"}}}],"display":{"gui":{"rotation":[30,225,0]}}}