{"textures":{"0":"modelengine:entity/hv_rat_archer"},"elements":[{"from":[7.25,6.75,0.25],"to":[8.75,9.0,8.25],"faces":{"east":{"uv":[11.285715,10.714286,12.428572,11.000001],"tintindex":0,"rotation":0,"texture":"#0"},"south":{"uv":[6.714286,12.714286,7.0000005,13.000001],"tintindex":0,"rotation":0,"texture":"#0"},"north":{"uv":[6.4285717,12.714286,6.714286,13.000001],"tintindex":0,"rotation":0,"texture":"#0"},"west":{"uv":[11.428572,7.4285717,12.571429,7.714286],"tintindex":0,"rotation":0,"texture":"#0"},"up":{"uv":[11.857143,12.142858,11.571429,11.000001],"tintindex":0,"rotation":0,"texture":"#0"},"down":{"uv":[1.4285715,11.714286,1.1428572,12.857143],"tintindex":0,"rotation":0,"texture":"#0"}}}],"display":{"gui":{"rotation":[30,225,0]}}}