{"textures":{"0":"modelengine:entity/hv_rat_archer"},"elements":[{"from":[7.0,6.75,-0.75],"to":[9.0,9.25,8.25],"faces":{"east":{"uv":[10.428572,5.0,11.714286,5.4285717],"tintindex":0,"rotation":0,"texture":"#0"},"south":{"uv":[10.142858,0.71428573,10.428572,1.1428572],"tintindex":0,"rotation":0,"texture":"#0"},"north":{"uv":[1.1428572,9.714286,1.4285715,10.142858],"tintindex":0,"rotation":0,"texture":"#0"},"west":{"uv":[10.428572,7.8571434,11.714286,8.285715],"tintindex":0,"rotation":0,"texture":"#0"},"up":{"uv":[10.857143,12.285715,10.571429,11.000001],"tintindex":0,"rotation":0,"texture":"#0"},"down":{"uv":[11.142858,11.000001,10.857143,12.285715],"tintindex":0,"rotation":0,"texture":"#0"}}}],"display":{"gui":{"rotation":[30,225,0]}}}