{"textures":{"0":"modelengine:entity/hv_rat_archer"},"elements":[{"from":[11.0,-9.75,6.5],"to":[12.0,-8.25,8.0],"faces":{"east":{"uv":[7.0000005,12.714286,7.2857146,13.000001],"tintindex":0,"rotation":0,"texture":"#0"},"south":{"uv":[12.428572,10.714286,12.571429,11.000001],"tintindex":0,"rotation":0,"texture":"#0"},"north":{"uv":[12.428572,1.5714287,12.571429,1.8571429],"tintindex":0,"rotation":0,"texture":"#0"},"west":{"uv":[7.2857146,12.714286,7.571429,13.000001],"tintindex":0,"rotation":0,"texture":"#0"},"up":{"uv":[13.000001,1.0,12.857143,0.71428573],"tintindex":0,"rotation":0,"texture":"#0"},"down":{"uv":[1.0,12.857143,0.8571429,13.142858],"tintindex":0,"rotation":0,"texture":"#0"}},"rotation":{"origin":[11.5,-9.75,6.5],"angle":-45.0,"axis":"x"}},{"from":[11.25,-8.75,6.25],"to":[11.75,7.75,6.75],"faces":{"east":{"uv":[10.428572,11.142858,10.571429,13.571429],"tintindex":0,"rotation":0,"texture":"#0"},"south":{"uv":[8.571429,11.571429,8.714286,14.000001],"tintindex":0,"rotation":0,"texture":"#0"},"north":{"uv":[10.285715,11.142858,10.428572,13.571429],"tintindex":0,"rotation":0,"texture":"#0"},"west":{"uv":[8.714286,11.571429,8.857143,14.000001],"tintindex":0,"rotation":0,"texture":"#0"},"up":{"uv":[6.4285717,8.857143,6.2857146,8.714286],"tintindex":0,"rotation":0,"texture":"#0"},"down":{"uv":[2.4285715,9.428572,2.2857144,9.571429],"tintindex":0,"rotation":0,"texture":"#0"}}},{"from":[11.455571,5.4335527,4.568001],"to":[11.455571,10.368552,8.798],"faces":{"east":{"uv":[8.714286,6.1428576,9.285715,6.8571434],"tintindex":0,"rotation":0,"texture":"#0"},"west":{"uv":[4.1428576,11.000001,4.714286,11.714286],"tintindex":0,"rotation":0,"texture":"#0"}}},{"from":[9.212,5.4335527,6.5544295],"to":[13.441999,10.368552,6.5544295],"faces":{"south":{"uv":[11.000001,5.714286,11.571429,6.4285717],"tintindex":0,"rotation":0,"texture":"#0"},"north":{"uv":[5.714286,11.000001,6.2857146,11.714286],"tintindex":0,"rotation":0,"texture":"#0"}}}],"display":{"gui":{"rotation":[30,225,0]}}}