{"textures":{"0":"modelengine:entity/hv_rat_archer"},"elements":[{"from":[7.0,6.75,7.75],"to":[9.0,9.25,16.75],"faces":{"east":{"uv":[10.285715,2.1428573,11.571429,2.5714288],"tintindex":0,"rotation":0,"texture":"#0"},"south":{"uv":[9.285715,8.0,9.571429,8.428572],"tintindex":0,"rotation":0,"texture":"#0"},"north":{"uv":[7.714286,6.0000005,8.0,6.4285717],"tintindex":0,"rotation":0,"texture":"#0"},"west":{"uv":[10.285715,2.5714288,11.571429,3.0000002],"tintindex":0,"rotation":0,"texture":"#0"},"up":{"uv":[4.0,2.857143,3.7142859,1.5714287],"tintindex":0,"rotation":0,"texture":"#0"},"down":{"uv":[5.4285717,0.0,5.1428576,1.2857144],"tintindex":0,"rotation":0,"texture":"#0"}}}],"display":{"gui":{"rotation":[30,225,0]}}}