{"textures":{"0":"modelengine:entity/hv_rat_archer"},"elements":[{"from":[2.75,2.6893387,1.400126],"to":[13.25,11.189339,9.6501255],"faces":{"east":{"uv":[2.857143,7.4285717,4.0,8.571429],"tintindex":0,"rotation":0,"texture":"#0"},"south":{"uv":[6.2857146,0.0,7.8571434,1.1428572],"tintindex":0,"rotation":0,"texture":"#0"},"north":{"uv":[5.4285717,5.4285717,7.0000005,6.571429],"tintindex":0,"rotation":0,"texture":"#0"},"west":{"uv":[6.4285717,7.714286,7.571429,8.857143],"tintindex":0,"rotation":0,"texture":"#0"},"up":{"uv":[7.8571434,2.2857144,6.2857146,1.1428572],"tintindex":0,"rotation":0,"texture":"#0"},"down":{"uv":[8.142858,2.2857144,6.571429,3.4285717],"tintindex":0,"rotation":0,"texture":"#0"}}}],"display":{"gui":{"rotation":[30,225,0]}}}