{"textures":{"0":"modelengine:entity/hv_rat_archer"},"elements":[{"from":[4.5,6.0,7.5],"to":[10.5,11.0,8.5],"faces":{"east":{"uv":[6.0000005,12.714286,6.1428576,13.428572],"tintindex":0,"rotation":0,"texture":"#0"},"south":{"uv":[10.142858,7.1428576,11.000001,7.8571434],"tintindex":0,"rotation":0,"texture":"#0"},"north":{"uv":[10.142858,6.4285717,11.000001,7.1428576],"tintindex":0,"rotation":0,"texture":"#0"},"west":{"uv":[12.714286,6.0000005,12.857143,6.714286],"tintindex":0,"rotation":0,"texture":"#0"},"up":{"uv":[13.428572,3.0000002,12.571429,2.857143],"tintindex":0,"rotation":0,"texture":"#0"},"down":{"uv":[13.428572,5.857143,12.571429,6.0000005],"tintindex":0,"rotation":0,"texture":"#0"}}}],"display":{"gui":{"rotation":[30,225,0]}}}