{"textures":{"0":"modelengine:entity/hv_rat_archer"},"elements":[{"from":[5.7,2.6844969,-0.19699669],"to":[8.0,4.9844966,6.7030034],"faces":{"east":{"uv":[11.571429,2.7142859,12.571429,3.0000002],"tintindex":0,"rotation":0,"texture":"#0"},"south":{"uv":[12.714286,7.714286,13.000001,8.0],"tintindex":0,"rotation":0,"texture":"#0"},"north":{"uv":[7.571429,12.714286,7.8571434,13.000001],"tintindex":0,"rotation":0,"texture":"#0"},"west":{"uv":[11.714286,1.2857144,12.714286,1.5714287],"tintindex":0,"rotation":0,"texture":"#0"},"up":{"uv":[3.7142859,12.714286,3.4285717,11.714286],"tintindex":0,"rotation":0,"texture":"#0"},"down":{"uv":[6.0000005,11.714286,5.714286,12.714286],"tintindex":0,"rotation":0,"texture":"#0"}},"rotation":{"origin":[6.85,3.8344965,3.2530036],"angle":22.5,"axis":"y"}},{"from":[8.0,2.6844969,-0.19699669],"to":[10.3,4.9844966,6.7030034],"faces":{"east":{"uv":[11.857143,9.571429,12.857143,9.857143],"tintindex":0,"rotation":0,"texture":"#0"},"south":{"uv":[12.714286,8.285715,13.000001,8.571429],"tintindex":0,"rotation":0,"texture":"#0"},"north":{"uv":[8.285715,12.714286,8.571429,13.000001],"tintindex":0,"rotation":0,"texture":"#0"},"west":{"uv":[11.857143,9.857143,12.857143,10.142858],"tintindex":0,"rotation":0,"texture":"#0"},"up":{"uv":[9.714286,12.714286,9.428572,11.714286],"tintindex":0,"rotation":0,"texture":"#0"},"down":{"uv":[12.142858,11.000001,11.857143,12.000001],"tintindex":0,"rotation":0,"texture":"#0"}},"rotation":{"origin":[9.15,3.8344965,3.2530036],"angle":-22.5,"axis":"y"}},{"from":[6.85,2.9719968,-1.3469973],"to":[9.15,5.2719965,5.5530033],"faces":{"east":{"uv":[11.714286,7.714286,12.714286,8.0],"tintindex":0,"rotation":0,"texture":"#0"},"south":{"uv":[12.714286,8.0,13.000001,8.285715],"tintindex":0,"rotation":0,"texture":"#0"},"north":{"uv":[7.8571434,12.714286,8.142858,13.000001],"tintindex":0,"rotation":0,"texture":"#0"},"west":{"uv":[11.714286,8.0,12.714286,8.285715],"tintindex":0,"rotation":0,"texture":"#0"},"up":{"uv":[6.2857146,12.714286,6.0000005,11.714286],"tintindex":0,"rotation":0,"texture":"#0"},"down":{"uv":[8.571429,11.714286,8.285715,12.714286],"tintindex":0,"rotation":0,"texture":"#0"}}}],"display":{"gui":{"rotation":[30,225,0]}}}