{"textures":{"0":"modelengine:entity/hv_rat_archer"},"elements":[{"from":[6.75,1.000001,6.25],"to":[9.25,9.0,9.75],"faces":{"east":{"uv":[0.5714286,9.714286,1.1428572,10.857143],"tintindex":0,"rotation":0,"texture":"#0"},"south":{"uv":[10.857143,3.7142859,11.285715,4.857143],"tintindex":0,"rotation":0,"texture":"#0"},"north":{"uv":[3.7142859,10.857143,4.1428576,12.000001],"tintindex":0,"rotation":0,"texture":"#0"},"west":{"uv":[5.2857146,9.714286,5.857143,10.857143],"tintindex":0,"rotation":0,"texture":"#0"},"up":{"uv":[12.428572,8.857143,12.000001,8.285715],"tintindex":0,"rotation":0,"texture":"#0"},"down":{"uv":[10.142858,12.000001,9.714286,12.571429],"tintindex":0,"rotation":0,"texture":"#0"}}}],"display":{"gui":{"rotation":[30,225,0]}}}