{"textures":{"0":"modelengine:entity/hv_rat_archer"},"elements":[{"from":[5.0,5.0,5.0],"to":[11.0,11.0,11.0],"faces":{"east":{"uv":[1.4285715,9.428572,2.2857144,10.285715],"tintindex":0,"rotation":0,"texture":"#0"},"south":{"uv":[9.428572,2.1428573,10.285715,3.0000002],"tintindex":0,"rotation":0,"texture":"#0"},"north":{"uv":[9.285715,7.1428576,10.142858,8.0],"tintindex":0,"rotation":0,"texture":"#0"},"west":{"uv":[7.0000005,9.428572,7.8571434,10.285715],"tintindex":0,"rotation":0,"texture":"#0"},"up":{"uv":[8.714286,10.285715,7.8571434,9.428572],"tintindex":0,"rotation":0,"texture":"#0"},"down":{"uv":[9.571429,9.428572,8.714286,10.285715],"tintindex":0,"rotation":0,"texture":"#0"}}},{"from":[4.75,-4.0,4.75],"to":[11.1,12.0,11.25],"faces":{"east":{"uv":[0.0,2.857143,1.0,5.1428576],"tintindex":0,"rotation":0,"texture":"#0"},"south":{"uv":[2.2857144,5.1428576,3.1428573,7.4285717],"tintindex":0,"rotation":0,"texture":"#0"},"north":{"uv":[1.4285715,5.1428576,2.2857144,7.4285717],"tintindex":0,"rotation":0,"texture":"#0"},"west":{"uv":[1.0,2.857143,2.0,5.1428576],"tintindex":0,"rotation":0,"texture":"#0"},"up":{"uv":[9.571429,6.1428576,8.714286,5.1428576],"tintindex":0,"rotation":0,"texture":"#0"},"down":{"uv":[6.1428576,8.714286,5.2857146,9.714286],"tintindex":0,"rotation":0,"texture":"#0"}}}],"display":{"gui":{"rotation":[30,225,0]}}}