{"textures":{"0":"modelengine:entity/hv_rat_archer"},"elements":[{"from":[5.5,6.5,6.0],"to":[10.5,9.5,10.0],"faces":{"east":{"uv":[8.142858,3.0000002,8.714286,3.4285717],"tintindex":0,"rotation":0,"texture":"#0"},"south":{"uv":[11.714286,5.0,12.428572,5.4285717],"tintindex":0,"rotation":0,"texture":"#0"},"north":{"uv":[11.714286,4.1428576,12.428572,4.571429],"tintindex":0,"rotation":0,"texture":"#0"},"west":{"uv":[9.571429,5.714286,10.142858,6.1428576],"tintindex":0,"rotation":0,"texture":"#0"},"up":{"uv":[7.714286,6.571429,7.0000005,6.0000005],"tintindex":0,"rotation":0,"texture":"#0"},"down":{"uv":[11.714286,0.0,11.000001,0.5714286],"tintindex":0,"rotation":0,"texture":"#0"}}}],"display":{"gui":{"rotation":[30,225,0]}}}