{"textures":{"0":"modelengine:entity/hv_rat_archer"},"elements":[{"from":[1.0,6.0,-2.5],"to":[13.0,8.0,7.5],"faces":{"east":{"uv":[10.857143,9.142858,12.285715,9.428572],"tintindex":0,"rotation":0,"texture":"#0"},"south":{"uv":[10.857143,1.8571429,12.571429,2.1428573],"tintindex":0,"rotation":0,"texture":"#0"},"north":{"uv":[10.428572,5.4285717,12.142858,5.714286],"tintindex":0,"rotation":0,"texture":"#0"},"west":{"uv":[11.000001,6.4285717,12.428572,6.714286],"tintindex":0,"rotation":0,"texture":"#0"},"up":{"uv":[3.7142859,1.4285715,2.0,0.0],"tintindex":0,"rotation":0,"texture":"#0"},"down":{"uv":[3.7142859,1.4285715,2.0,2.857143],"tintindex":0,"rotation":0,"texture":"#0"}}},{"from":[3.0,-1.999999,4.5000005],"to":[10.0,18.0,9.5],"faces":{"east":{"uv":[0.0,5.1428576,0.71428573,8.0],"tintindex":0,"rotation":0,"texture":"#0"},"south":{"uv":[1.0,0.0,2.0,2.857143],"tintindex":0,"rotation":0,"texture":"#0"},"north":{"uv":[0.0,0.0,1.0,2.857143],"tintindex":0,"rotation":0,"texture":"#0"},"west":{"uv":[0.71428573,5.1428576,1.4285715,8.0],"tintindex":0,"rotation":0,"texture":"#0"},"up":{"uv":[10.714286,3.7142859,9.714286,3.0000002],"tintindex":0,"rotation":0,"texture":"#0"},"down":{"uv":[10.571429,9.714286,9.571429,10.428572],"tintindex":0,"rotation":0,"texture":"#0"}}}],"display":{"gui":{"rotation":[30,225,0]}}}