{"textures":{"0":"modelengine:entity/hv_rat_archer"},"elements":[{"from":[4.9,-4.0,4.75],"to":[11.25,12.0,11.25],"faces":{"east":{"uv":[2.0,2.857143,3.0000002,5.1428576],"tintindex":0,"rotation":0,"texture":"#0"},"south":{"uv":[5.4285717,0.0,6.2857146,2.2857144],"tintindex":0,"rotation":0,"texture":"#0"},"north":{"uv":[3.1428573,5.1428576,4.0,7.4285717],"tintindex":0,"rotation":0,"texture":"#0"},"west":{"uv":[3.0000002,2.857143,4.0,5.1428576],"tintindex":0,"rotation":0,"texture":"#0"},"up":{"uv":[7.0000005,9.857143,6.1428576,8.857143],"tintindex":0,"rotation":0,"texture":"#0"},"down":{"uv":[10.142858,6.1428576,9.285715,7.1428576],"tintindex":0,"rotation":0,"texture":"#0"}}},{"from":[5.0,5.0,5.0],"to":[11.0,11.0,11.0],"faces":{"east":{"uv":[2.857143,9.571429,3.7142859,10.428572],"tintindex":0,"rotation":0,"texture":"#0"},"south":{"uv":[9.571429,4.0,10.428572,4.857143],"tintindex":0,"rotation":0,"texture":"#0"},"north":{"uv":[9.571429,1.2857144,10.428572,2.1428573],"tintindex":0,"rotation":0,"texture":"#0"},"west":{"uv":[9.571429,4.857143,10.428572,5.714286],"tintindex":0,"rotation":0,"texture":"#0"},"up":{"uv":[10.428572,8.857143,9.571429,8.0],"tintindex":0,"rotation":0,"texture":"#0"},"down":{"uv":[10.428572,8.857143,9.571429,9.714286],"tintindex":0,"rotation":0,"texture":"#0"}}}],"display":{"gui":{"rotation":[30,225,0]}}}