{"textures":{"0":"modelengine:entity/hv_rat_archer"},"elements":[{"from":[5.1510324,3.4125004,-0.7385845],"to":[10.326033,8.587502,10.7614155],"faces":{"east":{"uv":[7.8571434,0.71428573,9.571429,1.4285715],"tintindex":0,"rotation":0,"texture":"#0"},"south":{"uv":[10.714286,3.0000002,11.428572,3.7142859],"tintindex":0,"rotation":0,"texture":"#0"},"north":{"uv":[10.571429,10.285715,11.285715,11.000001],"tintindex":0,"rotation":0,"texture":"#0"},"west":{"uv":[7.8571434,1.4285715,9.571429,2.1428573],"tintindex":0,"rotation":0,"texture":"#0"},"up":{"uv":[8.714286,5.1428576,8.0,3.4285717],"tintindex":0,"rotation":0,"texture":"#0"},"down":{"uv":[8.714286,5.1428576,8.0,6.8571434],"tintindex":0,"rotation":0,"texture":"#0"}},"rotation":{"origin":[7.738533,6.000001,5.011416],"angle":-22.5,"axis":"x"}}],"display":{"gui":{"rotation":[30,225,0]}}}