{"textures":{"0":"modelengine:entity/hv_rat_archer"},"elements":[{"from":[8.0,2.6844969,-0.19699669],"to":[10.3,4.9844966,6.7030034],"faces":{"east":{"uv":[11.857143,10.142858,12.857143,10.428572],"tintindex":0,"rotation":0,"texture":"#0"},"south":{"uv":[8.857143,12.714286,9.142858,13.000001],"tintindex":0,"rotation":0,"texture":"#0"},"north":{"uv":[12.714286,8.571429,13.000001,8.857143],"tintindex":0,"rotation":0,"texture":"#0"},"west":{"uv":[11.857143,10.428572,12.857143,10.714286],"tintindex":0,"rotation":0,"texture":"#0"},"up":{"uv":[11.428572,12.857143,11.142858,11.857143],"tintindex":0,"rotation":0,"texture":"#0"},"down":{"uv":[0.8571429,12.000001,0.5714286,13.000001],"tintindex":0,"rotation":0,"texture":"#0"}},"rotation":{"origin":[9.15,3.8344965,3.2530036],"angle":-22.5,"axis":"y"}},{"from":[5.7,2.6844969,-0.19699669],"to":[8.0,4.9844966,6.7030034],"faces":{"east":{"uv":[12.000001,6.8571434,13.000001,7.1428576],"tintindex":0,"rotation":0,"texture":"#0"},"south":{"uv":[12.571429,12.714286,12.857143,13.000001],"tintindex":0,"rotation":0,"texture":"#0"},"north":{"uv":[11.428572,12.714286,11.714286,13.000001],"tintindex":0,"rotation":0,"texture":"#0"},"west":{"uv":[12.000001,7.1428576,13.000001,7.4285717],"tintindex":0,"rotation":0,"texture":"#0"},"up":{"uv":[2.857143,13.000001,2.5714288,12.000001],"tintindex":0,"rotation":0,"texture":"#0"},"down":{"uv":[4.0,12.000001,3.7142859,13.000001],"tintindex":0,"rotation":0,"texture":"#0"}},"rotation":{"origin":[6.85,3.8344965,3.2530036],"angle":22.5,"axis":"y"}},{"from":[6.85,2.9719968,-1.3469973],"to":[9.15,5.2719965,5.5530033],"faces":{"east":{"uv":[12.000001,3.0000002,13.000001,3.2857144],"tintindex":0,"rotation":0,"texture":"#0"},"south":{"uv":[9.428572,12.714286,9.714286,13.000001],"tintindex":0,"rotation":0,"texture":"#0"},"north":{"uv":[9.142858,12.714286,9.428572,13.000001],"tintindex":0,"rotation":0,"texture":"#0"},"west":{"uv":[12.000001,3.2857144,13.000001,3.5714288],"tintindex":0,"rotation":0,"texture":"#0"},"up":{"uv":[2.2857144,13.000001,2.0,12.000001],"tintindex":0,"rotation":0,"texture":"#0"},"down":{"uv":[2.5714288,12.000001,2.2857144,13.000001],"tintindex":0,"rotation":0,"texture":"#0"}}}],"display":{"gui":{"rotation":[30,225,0]}}}