{"textures":{"0":"modelengine:entity/hv_rat_archer"},"elements":[{"from":[7.25,3.0,7.25],"to":[8.75,8.5,8.75],"faces":{"east":{"uv":[12.428572,4.1428576,12.714286,4.857143],"tintindex":0,"rotation":0,"texture":"#0"},"south":{"uv":[12.428572,6.0000005,12.714286,6.714286],"tintindex":0,"rotation":0,"texture":"#0"},"north":{"uv":[12.285715,12.285715,12.571429,13.000001],"tintindex":0,"rotation":0,"texture":"#0"},"west":{"uv":[12.428572,8.285715,12.714286,9.0],"tintindex":0,"rotation":0,"texture":"#0"},"up":{"uv":[12.428572,6.2857146,12.142858,6.0000005],"tintindex":0,"rotation":0,"texture":"#0"},"down":{"uv":[13.000001,0.0,12.714286,0.2857143],"tintindex":0,"rotation":0,"texture":"#0"}}}],"display":{"gui":{"rotation":[30,225,0]}}}