{"textures":{"0":"modelengine:entity/hv_rat_archer"},"elements":[{"from":[3.25,6.474081,4.606208],"to":[12.75,15.974081,11.856207],"faces":{"east":{"uv":[7.0000005,4.571429,8.0,6.0000005],"tintindex":0,"rotation":0,"texture":"#0"},"south":{"uv":[4.0,4.571429,5.4285717,6.0000005],"tintindex":0,"rotation":0,"texture":"#0"},"north":{"uv":[4.0,3.1428573,5.4285717,4.571429],"tintindex":0,"rotation":0,"texture":"#0"},"west":{"uv":[4.0,7.1428576,5.0,8.571429],"tintindex":0,"rotation":0,"texture":"#0"},"up":{"uv":[2.857143,8.428572,1.4285715,7.4285717],"tintindex":0,"rotation":0,"texture":"#0"},"down":{"uv":[6.4285717,7.714286,5.0,8.714286],"tintindex":0,"rotation":0,"texture":"#0"}}}],"display":{"gui":{"rotation":[30,225,0]}}}